Period_Month,Year,Month_in_Year,Class,Households,Labor_Force,Employed,Unemployed,Employment_Rate,Average_Wage_Employed,Labor_Income,Capital_Income,Transfers,Gross_Income,Taxes,Disposable_Income,Savings,Consumption_Budget,Average_Gross_Income_Per_Household,Average_Labor_Income_Per_Household,Average_Capital_Income_Per_Household,Income_Share
0,0,0,Low,400,234.00000000000003,224.64,9.360000000000042,0.9599999999999999,13745.160908262225,3087712.946432026,607370.7857342657,0.0,3695083.7321662917,0.0,3695083.7321662917,0.0,3695083.7321662917,9237.70933041573,7719.282366080065,1518.4269643356643,0.19853685085498318
0,0,0,Middle,400,260.0,249.59999999999997,10.400000000000034,0.9599999999999999,19635.94415466032,4901131.661003215,1822112.357202797,0.0,6723244.018206012,0.0,6723244.018206012,0.0,6723244.018206012,16808.11004551503,12252.829152508039,4555.280893006992,0.3612399046020194
0,0,0,High,190,129.675,124.48799999999999,5.187000000000026,0.9599999999999999,30435.713439723495,3788881.094684298,2885011.232237762,0.0,6673892.32692206,0.0,6673892.32692206,0.0,6673892.32692206,35125.74908906347,19941.47944570683,15184.269643356642,0.3585882382036131
0,0,0,Top 1%,9,5.8500000000000005,5.616,0.23400000000000087,0.9599999999999999,49089.860386650806,275688.6559314309,819950.5607412587,0.0,1095639.2166726897,0.0,1095639.2166726897,0.0,1095639.2166726897,121737.69074140996,30632.0728812701,91105.61786013986,0.058868695682814644
0,0,0,Top 0.1%,1,0.5850000000000001,0.5616,0.023400000000000087,0.9599999999999999,78543.77661864129,44110.184949028946,379606.74108391604,0.0,423716.926032945,0.0,423716.926032945,0.0,423716.926032945,423716.926032945,44110.184949028946,379606.74108391604,0.02276631065656969
1,1,1,Low,400,234.00000000000003,224.36145800584111,9.638541994158913,0.9588096495976115,13745.160908262224,3083884.341902604,608706.8668454491,0.0,3692591.208748053,0.0,3692591.208748053,0.0,3692591.208748053,9231.478021870133,7709.710854756509,1521.7671671136227,0.19841007906175478
1,1,1,Middle,400,260.0,249.290508895379,10.709491104621009,0.9588096495976115,19635.94415466032,4895054.510956514,1826120.6005363474,0.0,6721175.111492861,0.0,6721175.111492861,0.0,6721175.111492861,16802.937778732154,12237.636277391284,4565.3015013408685,0.3611417592339791
1,1,1,High,190,129.675,124.33364131157028,5.341358688429736,0.9588096495976115,30435.713439723495,3784183.0778763196,2891357.6175158834,0.0,6675540.695392203,0.0,6675540.695392203,0.0,6675540.695392203,35134.42471259054,19916.753041454314,15217.671671136228,0.3586897336523176
1,1,1,Top 1%,9,5.8500000000000005,5.609036450146028,0.24096354985397284,0.9588096495976115,49089.86038665079,275346.81624130387,821754.2702413562,0.0,1097101.0864826601,0.0,1097101.0864826601,0.0,1097101.0864826601,121900.12072029557,30594.090693478207,91306.03002681736,0.05894936671897759
1,1,1,Top 0.1%,1,0.5850000000000001,0.5609036450146028,0.024096354985397306,0.9588096495976115,78543.77661864128,44055.49059860862,380441.7917784057,0.0,424497.28237701434,0.0,424497.28237701434,0.0,424497.28237701434,424497.28237701434,44055.49059860862,380441.7917784057,0.022809061332970892
2,1,2,Low,400,234.00000000000003,224.08609108028702,9.913908919713009,0.9576328678644743,13743.797445110718,3079793.8460740964,613537.731545967,0.0,3693331.5776200634,0.0,3693331.5776200634,0.0,3693331.5776200634,9233.32894405016,7699.484615185241,1533.8443288649175,0.19806901776167052
2,1,2,Middle,400,260.0,248.98454564476333,11.01545435523667,0.9576328678644743,19633.99635015817,4888561.660435073,1840613.1946379014,0.0,6729174.855072974,0.0,6729174.855072974,0.0,6729174.855072974,16822.937137682435,12221.404151087683,4601.532986594753,0.3608777132189419
2,1,2,High,190,129.675,124.18104214032572,5.493957859674296,0.9576328678644743,30432.694342745162,3779163.698620089,2914304.2248433437,0.0,6693467.923463432,0.0,6693467.923463432,0.0,6693467.923463432,35228.77854454438,19890.335255895203,15338.443288649178,0.3589627925781738
2,1,2,Top 1%,9,5.8500000000000005,5.602152277007176,0.24784772299282487,0.9576328678644743,49084.990875395415,274981.5933994729,828275.9375870556,0.0,1103257.5309865284,0.0,1103257.5309865284,0.0,1103257.5309865284,122584.17010961426,30553.51037771921,92030.65973189507,0.0591664005541251
2,1,2,Top 0.1%,1,0.5850000000000001,0.5602152277007175,0.024784772299282554,0.9576328678644743,78535.98540063268,43997.05494391566,383461.08221622946,0.0,427458.1371601451,0.0,427458.1371601451,0.0,427458.1371601451,427458.1371601451,43997.05494391566,383461.08221622946,0.022924075887088703
3,1,3,Low,400,234.00000000000003,223.8948453323912,10.105154667608815,0.956815578343552,13754.476989428618,3079556.4981760546,615326.4964959107,0.0,3694882.994671965,0.0,3694882.994671965,0.0,3694882.994671965,9237.207486679912,7698.891245440136,1538.3162412397767,0.19795842269761169
3,1,3,Middle,400,260.0,248.77205036932352,11.227949630676477,0.956815578343552,19649.252842040885,4888184.9177397685,1845979.4894877323,0.0,6734164.407227501,0.0,6734164.407227501,0.0,6734164.407227501,16835.411018068753,12220.462294349421,4614.948723719331,0.36079209170181203
3,1,3,High,190,129.675,124.07506012170012,5.599939878299892,0.956815578343552,30456.341905163372,3778872.4529702,2922800.858355576,0.0,6701673.311325776,0.0,6701673.311325776,0.0,6701673.311325776,35271.96479645145,19888.802384053684,15383.162412397769,0.3590513366885417
3,1,3,Top 1%,9,5.8500000000000005,5.59737113330978,0.25262886669022055,0.956815578343552,49123.13210510221,274960.401622862,830690.7702694795,0.0,1105651.1718923415,0.0,1105651.1718923415,0.0,1105651.1718923415,122850.13021026016,30551.15573587355,92298.9744743866,0.05923677755349479
3,1,3,Top 0.1%,1,0.5850000000000001,0.559737113330978,0.0252628866690221,0.956815578343552,78597.01136816354,43993.66425965792,384579.06030994415,0.0,428572.72456960205,0.0,428572.72456960205,0.0,428572.72456960205,428572.72456960205,43993.66425965792,384579.06030994415,0.022961371358539737
4,1,4,Low,400,234.00000000000003,223.67067313584144,10.329326864158588,0.9558575775035958,13757.127037718095,3077065.8649416906,617414.3809586215,0.0,3694480.245900312,0.0,3694480.245900312,0.0,3694480.245900312,9236.20061475078,7692.6646623542265,1543.5359523965537,0.19780295134617878
4,1,4,Middle,400,260.0,248.5229701509349,11.477029849065104,0.9558575775035958,19653.038625311565,4884231.531653477,1852243.1428758642,0.0,6736474.674529341,0.0,6736474.674529341,0.0,6736474.674529341,16841.18668632335,12210.578829133692,4630.6078571896605,0.3606717274424012
4,1,4,High,190,129.675,123.9508313627788,5.7241686372212115,0.9558575775035958,30462.20986923293,3775816.238438867,2932718.309553452,0.0,6708534.547992319,0.0,6708534.547992319,0.0,6708534.547992319,35308.076568380624,19872.71704441509,15435.359523965535,0.35917580944523736
4,1,4,Top 1%,9,5.8500000000000005,5.591766828396036,0.25823317160396453,0.9558575775035958,49132.596563278916,274738.0236555081,833509.4142941389,0.0,1108247.437949647,0.0,1108247.437949647,0.0,1108247.437949647,123138.60421662744,30526.447072834235,92612.15714379321,0.05933571150949831
4,1,4,Top 0.1%,1,0.5850000000000001,0.5591766828396036,0.02582331716039643,0.9558575775035958,78612.15450124626,43958.0837848813,385883.9880991384,0.0,429842.0718840197,0.0,429842.0718840197,0.0,429842.0718840197,429842.0718840197,43958.0837848813,385883.9880991384,0.023013800256684234
5,1,5,Low,400,234.00000000000003,223.45649441055653,10.543505589443498,0.954942283805797,13760.51551209923,3074876.557615778,620938.2974271988,0.0,3695814.855042977,0.0,3695814.855042977,0.0,3695814.855042977,9239.537137607442,7687.191394039445,1552.345743567997,0.1975653649692338
5,1,5,Middle,400,260.0,248.28499378950724,11.71500621049276,0.954942283805797,19657.879302998903,4880756.440659965,1862814.8922815965,0.0,6743571.332941562,0.0,6743571.332941562,0.0,6743571.332941562,16858.928332353906,12201.891101649913,4657.037230703992,0.3604877906074571
5,1,5,High,190,129.675,123.83214065251674,5.8428593474832695,0.954942283805797,30469.712919648293,3773129.775907694,2949456.9127791943,0.0,6722586.688686889,0.0,6722586.688686889,0.0,6722586.688686889,35382.0352036152,19858.577767935232,15523.45743567997,0.3593660247551263
5,1,5,Top 1%,9,5.8500000000000005,5.586412360263913,0.26358763973608745,0.954942283805797,49144.69825749725,274542.54978712305,838266.7015267184,0.0,1112809.2513138414,0.0,1112809.2513138414,0.0,1112809.2513138414,123645.4723682046,30504.727754124782,93140.74461407983,0.05948689923602851
5,1,5,Top 0.1%,1,0.5850000000000001,0.5586412360263914,0.0263587639736087,0.954942283805797,78631.5172119956,43926.80796593969,388086.4358919993,0.0,432013.243857939,0.0,432013.243857939,0.0,432013.243857939,432013.243857939,43926.80796593969,388086.4358919993,0.02309392043215428
6,1,6,Low,400,234.00000000000003,223.27199147404144,10.728008525958586,0.9541538097181257,13766.333919812043,3073636.789573082,622578.2152250595,0.0,3696215.0047981413,0.0,3696215.0047981413,0.0,3696215.0047981413,9240.537511995353,7684.091973932705,1556.445538062649,0.197452380926055
6,1,6,Middle,400,260.0,248.0799905267127,11.920009473287308,0.9541538097181257,19666.191314017207,4878788.554877908,1867734.6456751784,0.0,6746523.200553087,0.0,6746523.200553087,0.0,6746523.200553087,16866.308001382717,12196.97138719477,4669.336614187946,0.36040031956821345
6,1,6,High,190,129.675,123.72989527519796,5.94510472480205,0.9541538097181257,30482.59653672667,3771608.477205303,2957246.522319033,0.0,6728854.999524336,0.0,6728854.999524336,0.0,6728854.999524336,35415.02631328598,19850.570932659488,15564.455380626488,0.3594564815189446
6,1,6,Top 1%,9,5.8500000000000005,5.581799786851036,0.2682002131489645,0.9541538097181257,49165.47828504301,274431.8562118823,840480.5905538303,0.0,1114912.4467657125,0.0,1114912.4467657125,0.0,1114912.4467657125,123879.16075174583,30492.428467986923,93386.73228375892,0.059558796458596686
6,1,6,Top 0.1%,1,0.5850000000000001,0.5581799786851036,0.02682002131489647,0.9541538097181257,78664.76525606883,43909.09699390118,389111.38451566215,0.0,433020.48150956334,0.0,433020.48150956334,0.0,433020.48150956334,433020.48150956334,43909.09699390118,389111.38451566215,0.023132021528190147
7,1,7,Low,400,234.00000000000003,223.05935602937433,10.9406439706257,0.9532451112366424,13763.825904279072,3070150.1427089106,624070.5466645373,0.0,3694220.689373448,0.0,3694220.689373448,0.0,3694220.689373448,9235.55172343362,7675.375356772277,1560.1763666613433,0.1973211287198789
7,1,7,Middle,400,260.0,247.843728921527,12.156271078472997,0.9532451112366424,19662.60843468439,4873254.194776048,1872211.6399936117,0.0,6745465.83476966,0.0,6745465.83476966,0.0,6745465.83476966,16863.664586924147,12183.13548694012,4680.529099984029,0.36029870551233234
7,1,7,High,190,129.675,123.61205979961161,6.062940200388397,0.9532451112366424,30477.043073760808,3767330.07094906,2964335.096656552,0.0,6731665.167605612,0.0,6731665.167605612,0.0,6731665.167605612,35429.81667160849,19828.053004995054,15601.763666613431,0.3595615640552097
7,1,7,Top 1%,9,5.8500000000000005,5.576483900734358,0.2735160992656427,0.9532451112366424,49156.521086710985,274120.5484561528,842495.2379971254,0.0,1116615.7864532783,0.0,1116615.7864532783,0.0,1116615.7864532783,124068.42071703092,30457.83871735031,93610.5819996806,0.05964231859866637
7,1,7,Top 0.1%,1,0.5850000000000001,0.5576483900734358,0.02735160992656427,0.9532451112366424,78650.43373873756,43859.28775298443,390044.09166533576,0.0,433903.3794183202,0.0,433903.3794183202,0.0,433903.3794183202,433903.3794183202,43859.28775298443,390044.09166533576,0.023176283113912708
8,1,8,Low,400,234.00000000000003,222.83429555119173,11.165704448808299,0.9522833143213321,13756.853827085455,3065498.831559303,625838.9713405337,0.0,3691337.802899837,0.0,3691337.802899837,0.0,3691337.802899837,9228.344507249592,7663.747078898258,1564.5974283513342,0.19715932220029564
8,1,8,Middle,400,260.0,247.59366172354635,12.406338276453653,0.9522833143213321,19652.64832440779,4865871.161205242,1877516.914021601,0.0,6743388.075226843,0.0,6743388.075226843,0.0,6743388.075226843,16858.47018806711,12164.677903013106,4693.792285054003,0.3601734366334169
8,1,8,High,190,129.675,123.48733878461874,6.187661215381269,0.9522833143213321,30461.60490283208,3761622.5245592287,2972735.1138675353,0.0,6734357.638426764,0.0,6734357.638426764,0.0,6734357.638426764,35443.98757066718,19798.013287153834,15645.974283513344,0.359691108845026
8,1,8,Top 1%,9,5.8500000000000005,5.570857388779793,0.2791426112202071,0.9522833143213321,49131.620811019486,273705.252817795,844882.6113097206,0.0,1118587.8641275156,0.0,1118587.8641275156,0.0,1118587.8641275156,124287.54045861284,30411.694757532776,93875.84570108006,0.05974528392920469
8,1,8,Top 0.1%,1,0.5850000000000001,0.5570857388779793,0.027914261122020778,0.9522833143213321,78610.59329763117,43792.84045084719,391149.3570878336,0.0,434942.19753868075,0.0,434942.19753868075,0.0,434942.19753868075,434942.19753868075,43792.84045084719,391149.3570878336,0.02323084839205659
9,1,9,Low,400,234.00000000000003,222.6102635785378,11.389736421462231,0.9513259127287939,13748.176233594908,3060485.1350847515,628728.6934758258,0.0,3689213.8285605772,0.0,3689213.8285605772,0.0,3689213.8285605772,9223.034571401444,7651.212837711879,1571.8217336895646,0.19692650967082131
9,1,9,Middle,400,260.0,247.3447373094864,12.65526269051361,0.9513259127287939,19640.25176227844,4857912.912832938,1886186.0804274771,0.0,6744098.993260415,0.0,6744098.993260415,0.0,6744098.993260415,16860.247483151037,12144.782282082346,4715.465201068693,0.35999319566018645
9,1,9,High,190,129.675,123.36318773310636,6.311812266893654,0.9513259127287939,30442.390231531586,3755470.301176914,2986461.294010172,0.0,6741931.595187087,0.0,6741931.595187087,0.0,6741931.595187087,35483.85050098466,19765.63316408902,15718.217336895643,0.3598775021391594
9,1,9,Top 1%,9,5.8500000000000005,5.565256589463445,0.2847434105365556,0.9513259127287939,49100.6294056961,273257.6013468528,848783.7361923648,0.0,1122041.3375392177,0.0,1122041.3375392177,0.0,1122041.3375392177,124671.25972657974,30361.955705205866,94309.30402137387,0.05989343382521962
9,1,9,Top 0.1%,1,0.5850000000000001,0.5565256589463444,0.02847434105365565,0.9513259127287939,78561.00704911374,43721.21621549644,392955.43342239107,0.0,436676.6496378875,0.0,436676.6496378875,0.0,436676.6496378875,436676.6496378875,43721.21621549644,392955.43342239107,0.023309358704613044
10,1,10,Low,400,234.00000000000003,222.41652297401163,11.583477025988401,0.9504979614274,13742.488191711169,3056556.440611811,630797.7375927524,0.0,3687354.1782045634,0.0,3687354.1782045634,0.0,3687354.1782045634,9218.385445511409,7641.391101529527,1576.994343981881,0.1967558460747505
10,1,10,Middle,400,260.0,247.129469971124,12.870530028876004,0.9504979614274,19632.125988158812,4851676.889860016,1892393.2127782574,0.0,6744070.1026382735,0.0,6744070.1026382735,0.0,6744070.1026382735,16860.175256595685,12129.19222465004,4730.983031945643,0.3598610697272727
10,1,10,High,190,129.675,123.2558231480981,6.419176851901909,0.9504979614274,30429.795281646166,3750649.46566741,2996289.2535655736,0.0,6746938.719232984,0.0,6746938.719232984,0.0,6746938.719232984,35510.20378543676,19740.260345617946,15769.943439818808,0.3600141380407243
10,1,10,Top 1%,9,5.8500000000000005,5.56041307435029,0.28958692564971056,0.9504979614274,49080.314970397034,272906.8250546259,851576.9457502158,0.0,1124483.7708048418,0.0,1124483.7708048418,0.0,1124483.7708048418,124942.64120053797,30322.980561625103,94619.66063891287,0.06000203534279484
10,1,10,Top 0.1%,1,0.5850000000000001,0.556041307435029,0.028958692564971078,0.9504979614274,78528.50395263526,43665.092008740154,394248.58599547023,0.0,437913.6780042104,0.0,437913.6780042104,0.0,437913.6780042104,437913.6780042104,43665.092008740154,394248.58599547023,0.023366910814457773
11,1,11,Low,400,234.00000000000003,222.21433988079087,11.785660119209155,0.9496339311144908,13733.969017460684,3051884.85915826,632628.5628060859,0.0,3684513.4219643455,0.0,3684513.4219643455,0.0,3684513.4219643455,9211.283554910864,7629.71214789565,1581.5714070152148,0.1965902859695645
11,1,11,Middle,400,260.0,246.9048220897676,13.095177910232394,0.9496339311144908,19619.95573922955,4844261.681203587,1897885.6884182577,0.0,6742147.369621845,0.0,6742147.369621845,0.0,6742147.369621845,16855.368424054614,12110.654203008968,4744.714221045644,0.3597328948624825
11,1,11,High,190,129.675,123.14378001727161,6.531219982728402,0.9496339311144908,30410.931395805805,3744917.0459254486,3004985.673328908,0.0,6749902.719254357,0.0,6749902.719254357,0.0,6749902.719254357,35525.803785549244,19710.0897153971,15815.714070152148,0.3601466880089427
11,1,11,Top 1%,9,5.8500000000000005,5.555358497019772,0.2946415029802285,0.9496339311144908,49049.88934807386,272489.71956770174,854048.559788216,0.0,1126538.2793559178,0.0,1126538.2793559178,0.0,1126538.2793559178,125170.91992843531,30276.635507522416,94894.2844209129,0.060107389261773767
11,1,11,Top 0.1%,1,0.5850000000000001,0.5555358497019772,0.02946415029802285,0.9496339311144908,78479.8229569182,43598.35513083229,395392.85175380367,0.0,438991.20688463596,0.0,438991.20688463596,0.0,438991.20688463596,438991.20688463596,43598.35513083229,395392.85175380367,0.023422741897236588
12,1,12,Low,400,234.00000000000003,222.00706859275522,11.99293140724481,0.9487481563792957,13722.517817458816,3046495.954365885,636020.974070731,0.0,3682516.928436616,0.0,3682516.928436616,0.0,3682516.928436616,9206.29232109154,7616.239885914712,1590.0524351768274,0.1963238066047276
12,1,12,Middle,400,260.0,246.67452065861687,13.32547934138313,0.9487481563792957,19603.59688208402,4835707.864072832,1908062.9222121928,0.0,6743770.786285025,0.0,6743770.786285025,0.0,6743770.786285025,16859.426965712562,12089.26966018208,4770.157305530482,0.3595265893849702
12,1,12,High,190,129.675,123.02891717848517,6.646082821514838,0.9487481563792957,30385.57516723024,3738304.410669805,3021099.626835972,0.0,6759404.037505778,0.0,6759404.037505778,0.0,6759404.037505778,35575.81072371462,19675.286371946342,15900.524351768274,0.36036003548960743
12,1,12,Top 1%,9,5.8500000000000005,5.55017671481888,0.29982328518112045,0.9487481563792957,49008.99220521006,272008.56735409686,858628.3149954869,0.0,1130636.8823495838,0.0,1130636.8823495838,0.0,1130636.8823495838,125626.32026106486,30223.174150455205,95403.14611060965,0.060276962996829414
12,1,12,Top 0.1%,1,0.5850000000000001,0.5550176714818881,0.029982328518112,0.9487481563792957,78414.3875283361,43521.37077665551,397513.10879420687,0.0,441034.4795708624,0.0,441034.4795708624,0.0,441034.4795708624,441034.4795708624,43521.37077665551,397513.10879420687,0.023512605523865412
13,2,1,Low,404,236.34000000000003,221.8362590149242,14.503740985075837,0.9386318820975043,13716.719851079792,3042865.817719289,640726.8436192799,0.0,3683592.661338569,0.0,3683592.661338569,0.0,3683592.661338569,9117.803617174675,7531.846083463587,1585.957533711089,0.19612885064487248
13,2,1,Middle,404,262.6,246.48473223880464,16.115267761195383,0.9386318820975043,19595.31407297113,4829945.74241157,1922180.5308578392,0.0,6752126.273269409,0.0,6752126.273269409,0.0,6752126.273269409,16713.18384472626,11955.311243592994,4757.872601133266,0.3595095568748763
13,2,1,High,192,131.04000000000002,122.99832183005698,8.04167816994304,0.9386318820975043,30372.736813105257,3735795.65739794,3045038.4647252904,0.0,6780834.12212323,0.0,6780834.12212323,0.0,6780834.12212323,35316.84438605849,19457.269048947604,15859.575337110888,0.36103807479687167
13,2,1,Top 1%,9,5.8500000000000005,5.4909965102704,0.3590034897296004,0.9386318820975043,48988.28518242783,268994.5029808424,856417.0682039879,0.0,1125411.5711848303,0.0,1125411.5711848303,0.0,1125411.5711848303,125045.73013164781,29888.278108982486,95157.45202266533,0.059921304620775315
13,2,1,Top 0.1%,1,0.5850000000000001,0.5490996510270401,0.03590034897296002,0.9386318820975043,78381.25629188452,43039.12047693478,396489.38342777215,0.0,439528.5039047069,0.0,439528.5039047069,0.0,439528.5039047069,439528.5039047069,43039.12047693478,396489.38342777215,0.023402213062604222
14,2,2,Low,404,236.34000000000003,221.75037224450108,14.589627755498952,0.9382684786515234,13701.144845510824,3038233.9696678524,641910.353900359,0.0,3680144.3235682114,0.0,3680144.3235682114,0.0,3680144.3235682114,9109.268127644087,7520.381113039239,1588.8870146048491,0.19600235994288506
14,2,2,Middle,404,262.6,246.38930249389006,16.210697506109966,0.9382684786515234,19573.064065015464,4822593.602647385,1925731.061701077,0.0,6748324.664348462,0.0,6748324.664348462,0.0,6748324.664348462,16703.773921654607,11937.112877840062,4766.661043814547,0.359411871812304
14,2,2,High,192,131.04000000000002,122.95070144249564,8.089298557504378,0.9382684786515234,30338.249300773965,3730109.032067462,3050663.06804131,0.0,6780772.1001087725,0.0,6780772.1001087725,0.0,6780772.1001087725,35316.52135473319,19427.651208684696,15888.87014604849,0.3611400034897459
14,2,2,Top 1%,9,5.8500000000000005,5.4888706001114125,0.36112939988858805,0.9382684786515234,48932.660162538654,268585.03975140135,857998.9878866185,0.0,1126584.0276380198,0.0,1126584.0276380198,0.0,1126584.0276380198,125176.00307089108,29842.78219460015,95333.22087629094,0.060001214266758786
14,2,2,Top 0.1%,1,0.5850000000000001,0.5488870600111413,0.03611293998885878,0.9382684786515234,78292.25626006185,42973.60636022422,397221.75365121226,0.0,440195.3600114365,0.0,440195.3600114365,0.0,440195.3600114365,440195.3600114365,42973.60636022422,397221.75365121226,0.023444550488306487
15,2,3,Low,404,236.34000000000003,221.60352476904598,14.736475230954056,0.9376471387367603,13674.30568099792,3030274.337678529,644674.2256729861,0.0,3674948.5633515147,0.0,3674948.5633515147,0.0,3674948.5633515147,9096.407335028502,7500.679053659725,1595.7282813687775,0.195742182437225
15,2,3,Middle,404,262.6,246.2261386322733,16.373861367726732,0.9376471387367603,19534.722401425603,4809959.266156395,1934022.6770189581,0.0,6743981.943175353,0.0,6743981.943175353,0.0,6743981.943175353,16693.02461182018,11905.83976771385,4787.184844106332,0.35921094434869594
15,2,3,High,192,131.04000000000002,122.86928106006509,8.170718939934929,0.9376471387367603,30278.819722209682,3720336.8106152234,3063798.300228053,0.0,6784135.110843277,0.0,6784135.110843277,0.0,6784135.110843277,35334.03703564207,19376.75422195429,15957.282813687774,0.36134965963561666
15,2,3,Top 1%,9,5.8500000000000005,5.485235761610048,0.3647642383899523,0.9376471387367603,48836.806003564,267881.39477356157,861693.2719391398,0.0,1129574.6667127013,0.0,1129574.6667127013,0.0,1129574.6667127013,125508.29630141126,29764.59941928462,95743.69688212665,0.0601655796473242
15,2,3,Top 0.1%,1,0.5850000000000001,0.5485235761610049,0.03647642383899519,0.9376471387367603,78138.88960570241,42861.02316376986,398932.07034219435,0.0,441793.0935059642,0.0,441793.0935059642,0.0,441793.0935059642,441793.0935059642,42861.02316376986,398932.07034219435,0.023531633931138298
16,2,4,Low,404,236.34000000000003,221.4699440582747,14.870055941725326,0.9370819330552369,13648.336537292804,3022696.329402744,648679.8456173245,0.0,3671376.1750200684,0.0,3671376.1750200684,0.0,3671376.1750200684,9087.564789653634,7481.921607432534,1605.6431822211002,0.1954144636334351
16,2,4,Middle,404,262.6,246.07771562030524,16.52228437969478,0.9370819330552369,19497.623624704007,4797930.681591658,1946039.5368519728,0.0,6743970.21844363,0.0,6743970.21844363,0.0,6743970.21844363,16692.995590207007,11876.066043543708,4816.929546663299,0.35895785671971314
16,2,4,High,192,131.04000000000002,122.79521650755827,8.244783492441755,0.9370819330552369,30221.31661829121,3711033.117286538,3082834.909864512,0.0,6793868.02715105,0.0,6793868.02715105,0.0,6793868.02715105,35384.729308078386,19328.297485867384,16056.431822211,0.36161374188653095
16,2,4,Top 1%,9,5.8500000000000005,5.481929308373136,0.36807069162686457,0.9370819330552369,48744.05906176001,267211.48597973335,867047.3183993939,0.0,1134258.8043791272,0.0,1134258.8043791272,0.0,1134258.8043791272,126028.75604212524,29690.165108859263,96338.590933266,0.0603726137864467
16,2,4,Top 0.1%,1,0.5850000000000001,0.5481929308373137,0.03680706916268639,0.9370819330552369,77990.49449881603,42753.83775675735,401410.795555275,0.0,444164.6333120323,0.0,444164.6333120323,0.0,444164.6333120323,444164.6333120323,42753.83775675735,401410.795555275,0.02364132397387411
17,2,5,Low,404,236.34000000000003,221.3731017115728,14.966898288427245,0.9366721744587152,13627.241885282183,3016704.8039187775,651497.9885982351,0.0,3668202.7925170125,0.0,3668202.7925170125,0.0,3668202.7925170125,9079.709882467852,7467.091098808855,1612.6187836589977,0.19517590854770664
17,2,5,Middle,404,262.6,245.97011301285863,16.62988698714139,0.9366721744587152,19467.488407545978,4788420.323680599,1954493.9657947049,0.0,6742914.289475304,0.0,6742914.289475304,0.0,6742914.289475304,16690.381904641843,11852.52555366485,4837.856350976992,0.3587736276174138
17,2,5,High,192,131.04000000000002,122.74152174107006,8.298478258929961,0.9366721744587152,30174.607031696265,3703677.1850091927,3096228.0646252753,0.0,6799905.249634468,0.0,6799905.249634468,0.0,6799905.249634468,35416.17317517952,19289.985338589544,16126.187836589976,0.36180597426159666
17,2,5,Top 1%,9,5.8500000000000005,5.479532220583485,0.3704677794165159,0.9366721744587152,48668.72101886495,266681.8249574592,870814.1431758587,0.0,1137495.9681333178,0.0,1137495.9681333178,0.0,1137495.9681333178,126388.44090370198,29631.31388416213,96757.12701953985,0.06052331934937422
17,2,5,Top 0.1%,1,0.5850000000000001,0.5479532220583485,0.037046777941651565,0.9366721744587152,77869.95363018391,42669.09199319346,403154.6959147494,0.0,445823.7879079429,0.0,445823.7879079429,0.0,445823.7879079429,445823.7879079429,42669.09199319346,403154.6959147494,0.02372117022390857
18,2,6,Low,404,236.34000000000003,221.2601650246961,15.079834975303925,0.9361943176131678,13599.97366658001,3009132.4177990146,654988.6007876594,0.0,3664121.018586674,0.0,3664121.018586674,0.0,3664121.018586674,9069.606481650182,7448.347568809442,1621.258912840741,0.19487876335048457
18,2,6,Middle,404,262.6,245.8446278052179,16.755372194782126,0.9361943176131678,19428.533809400018,4776400.663173039,1964965.8023629778,0.0,6741366.465536017,0.0,6741366.465536017,0.0,6741366.465536017,16686.55065726737,11822.773918745148,4863.776738522222,0.3585441510888813
18,2,6,High,192,131.04000000000002,122.67890338002954,8.361096619970482,0.9361943176131678,30114.227404570025,3694380.394129484,3112817.1126542226,0.0,6807197.506783707,0.0,6807197.506783707,0.0,6807197.506783707,35454.15368116514,19241.56455275773,16212.58912840741,0.3620454196996471
18,2,6,Top 1%,9,5.8500000000000005,5.476736758037032,0.37326324196296845,0.9361943176131678,48571.334523500045,266012.4131717658,875479.8129340002,0.0,1141492.226105766,0.0,1141492.226105766,0.0,1141492.226105766,126832.46956730733,29556.934796862868,97275.53477044446,0.06071103881920578
18,2,6,Top 0.1%,1,0.5850000000000001,0.5476736758037033,0.03732632419629678,0.9361943176131678,77714.13523760006,42561.98610748253,405314.72821018525,0.0,447876.71431766776,0.0,447876.71431766776,0.0,447876.71431766776,447876.71431766776,42561.98610748253,405314.72821018525,0.02382062704178141
19,2,7,Low,404,236.34000000000003,221.16495423727383,15.1750457627262,0.9357914624577888,13575.31082722215,3002382.997859355,657904.469787309,0.0,3660287.467646664,0.0,3660287.467646664,0.0,3660287.467646664,9060.11749417491,7431.641083810285,1628.4764103646262,0.19462537798940363
19,2,7,Middle,404,262.6,245.73883804141536,16.86116195858466,0.9357914624577888,19393.301181745934,4765687.298189453,1973713.4093619264,0.0,6739400.707551379,0.0,6739400.707551379,0.0,6739400.707551379,16681.68491968163,11796.255688587755,4885.429231093877,0.3583484689995007
19,2,7,High,192,131.04000000000002,122.62611324046865,8.413886759531366,0.9357914624577888,30059.61683170619,3686093.977569901,3126674.7079000813,0.0,6812768.685469982,0.0,6812768.685469982,0.0,6812768.685469982,35483.17023682282,19198.406133176566,16284.764103646257,0.362249602601968
19,2,7,Top 1%,9,5.8500000000000005,5.474380055378065,0.3756199446219357,0.9357914624577888,48483.252954364834,265415.7529932245,879377.261596898,0.0,1144793.0145901225,0.0,1144793.0145901225,0.0,1144793.0145901225,127199.22384334695,29490.639221469388,97708.58462187756,0.06087111330834396
19,2,7,Top 0.1%,1,0.5850000000000001,0.5474380055378065,0.03756199446219355,0.9357914624577888,77573.20472698373,42466.52047891592,407119.10259115644,0.0,449585.6230700724,0.0,449585.6230700724,0.0,449585.6230700724,449585.6230700724,42466.52047891592,407119.10259115644,0.023905437100783754
20,2,8,Low,404,236.34000000000003,221.0680345723076,15.271965427692436,0.9353813767128187,13549.556190083711,2995373.75626885,660745.4222085966,0.0,3656119.1784774465,0.0,3656119.1784774465,0.0,3656119.1784774465,9049.799946726353,7414.291475912995,1635.508470813358,0.19437313329107897
20,2,8,Middle,404,262.6,245.63114952478622,16.9688504752138,0.9353813767128187,19356.508842976727,4754561.517887063,1982236.266625789,0.0,6736797.784512852,0.0,6736797.784512852,0.0,6736797.784512852,16675.242040873396,11768.716628433325,4906.525412440072,0.35815366781054175
20,2,8,High,192,131.04000000000002,122.57237560444779,8.467624395552235,0.9353813767128187,30002.588706613933,3677488.572052846,3140176.2639616462,0.0,6817664.836014492,0.0,6817664.836014492,0.0,6817664.836014492,35508.67102090881,19153.586312775242,16355.084708133574,0.362452866335829
20,2,8,Top 1%,9,5.8500000000000005,5.47198105376999,0.37801894623001076,0.9353813767128187,48391.27210744183,264796.12413974985,883174.574239213,0.0,1147970.698378963,0.0,1147970.698378963,0.0,1147970.698378963,127552.29981988476,29421.79157108332,98130.50824880145,0.06103046719149602
20,2,8,Top 0.1%,1,0.5850000000000001,0.547198105376999,0.0378018946230011,0.9353813767128187,77426.03537190692,42367.37986235997,408877.1177033394,0.0,451244.49756569933,0.0,451244.49756569933,0.0,451244.49756569933,451244.49756569933,42367.37986235997,408877.1177033394,0.02398986537105431
21,2,9,Low,404,236.34000000000003,220.9627248857552,15.377275114244839,0.9349357911726968,13522.41836697112,2987950.4094111226,665395.2323994805,0.0,3653345.641810603,0.0,3653345.641810603,0.0,3653345.641810603,9042.934756956938,7395.916854978026,1647.0179019789123,0.19401208738240233
21,2,9,Middle,404,262.6,245.5141387619502,17.08586123804983,0.9349357911726968,19317.74052424446,4742778.427636703,1996185.6971984408,0.0,6738964.124835143,0.0,6738964.124835143,0.0,6738964.124835143,16680.604269393916,11739.550563457184,4941.053705936734,0.3578748426350431
21,2,9,High,192,131.04000000000002,122.5139860752702,8.526013924729824,0.9349357911726968,29942.497812578906,3668374.7600691,3162274.371799511,0.0,6830649.131868611,0.0,6830649.131868611,0.0,6830649.131868611,35576.297561815685,19106.118542026565,16470.17901978912,0.3627438042226518
21,2,9,Top 1%,9,5.8500000000000005,5.469374378360277,0.3806256216397239,0.9349357911726968,48294.35131061114,264139.88767778664,889389.6670686123,0.0,1153529.554746399,0.0,1153529.554746399,0.0,1153529.554746399,128169.95052737766,29348.87640864296,98821.0741187347,0.061258555503860584
21,2,9,Top 0.1%,1,0.5850000000000001,0.5469374378360277,0.03806256216397241,0.9349357911726968,77270.96209697783,42262.38202844586,411754.47549472796,0.0,454016.8575231738,0.0,454016.8575231738,0.0,454016.8575231738,454016.8575231738,42262.38202844586,411754.47549472796,0.024110710256042125
22,2,10,Low,404,236.34000000000003,220.8946994281517,15.445300571848321,0.9346479623768794,13501.434698789228,2982395.3596378644,668419.8371734817,0.0,3650815.1968113463,0.0,3650815.1968113463,0.0,3650815.1968113463,9036.671279236005,7382.166731776892,1654.5045474591132,0.19376837536388056
22,2,10,Middle,404,262.6,245.43855492016854,17.16144507983148,0.9346479623768794,19287.763855413185,4733960.88831407,2005259.5115204446,0.0,6739220.399834515,0.0,6739220.399834515,0.0,6739220.399834515,16681.23861345177,11717.72497107443,4963.513642377338,0.3576866309846618
22,2,10,High,192,131.04000000000002,122.4762689898663,8.563731010133722,0.9346479623768794,29896.033975890437,3661554.6989613394,3176648.7311214963,0.0,6838203.430082835,0.0,6838203.430082835,0.0,6838203.430082835,35615.642865014765,19070.59739042364,16545.045474591127,0.3629401921554827
22,2,10,Top 1%,9,5.8500000000000005,5.467690579904745,0.3823094200952557,0.9346479623768794,48219.40963853296,263648.81184917473,893432.4556279209,0.0,1157081.2674770956,0.0,1157081.2674770956,0.0,1157081.2674770956,128564.58527523285,29294.31242768608,99270.27284754677,0.06141251892422268
22,2,10,Top 0.1%,1,0.5850000000000001,0.5467690579904745,0.03823094200952559,0.9346479623768794,77151.05542165274,42183.809895867955,413626.13686477824,0.0,455809.9467606462,0.0,455809.9467606462,0.0,455809.9467606462,455809.9467606462,42183.809895867955,413626.13686477824,0.024192282571752224
23,2,11,Low,404,236.34000000000003,220.80395862367646,15.536041376323567,0.9342640205791505,13474.769197479236,2975282.3803437953,670935.5381261844,0.0,3646217.9184699794,0.0,3646217.9184699794,0.0,3646217.9184699794,9025.29187740094,7364.560347385632,1660.731530015308,0.19353390202431417
23,2,11,Middle,404,262.6,245.33773180408494,17.262268195915084,0.9342640205791505,19249.6702821132,4722670.444990152,2012806.614378553,0.0,6735477.059368704,0.0,6735477.059368704,0.0,6735477.059368704,16671.972919229465,11689.778329183544,4982.194590045923,0.35750555409531565
23,2,11,High,192,131.04000000000002,122.4259572566919,8.614042743308119,0.9342640205791505,29836.988937275455,3652821.932303274,3188604.537629391,0.0,6841426.469932665,0.0,6841426.469932665,0.0,6841426.469932665,35632.429530899295,19025.114230746218,16607.315300153077,0.3631291353792954
23,2,11,Top 1%,9,5.8500000000000005,5.465444520388031,0.38455547961196945,0.9342640205791505,48124.17570528299,263020.01240662974,896795.0262082662,0.0,1159815.038614896,0.0,1159815.038614896,0.0,1159815.038614896,128868.33762387732,29224.44582295886,99643.89180091846,0.06156064587160234
23,2,11,Top 0.1%,1,0.5850000000000001,0.5465444520388031,0.03845554796119699,0.9342640205791505,76998.68112845278,42083.201985060754,415182.88250382687,0.0,457266.08448888763,0.0,457266.08448888763,0.0,457266.08448888763,457266.08448888763,42083.201985060754,415182.88250382687,0.02427076262947249
24,2,12,Low,404,236.34000000000003,220.70271315666926,15.63728684333077,0.933835631533677,13446.90329536182,2967768.0408417108,674426.2580324948,0.0,3642194.2988742054,0.0,3642194.2988742054,0.0,3642194.2988742054,9015.332422955955,7345.960497132947,1669.371925823007,0.19323889386532928
24,2,12,Middle,404,262.6,245.2252368407436,17.374763159256418,0.933835631533677,19209.861850516892,4710742.92197097,2023278.774097484,0.0,6734021.6960684545,0.0,6734021.6960684545,0.0,6734021.6960684545,16668.37053482291,11660.254757353887,5008.11577746902,0.35727772793879176
24,2,12,High,192,131.04000000000002,122.36982115617305,8.670178843826974,0.933835631533677,29775.28586830118,3643596.406577942,3205194.097580173,0.0,6848790.504158115,0.0,6848790.504158115,0.0,6848790.504158115,35670.783875823516,18977.06461759345,16693.719258230067,0.36336685874994684
24,2,12,Top 1%,9,5.8500000000000005,5.462938444472011,0.38706155552798993,0.933835631533677,48024.65462629221,262355.7320404623,901460.8399444236,0.0,1163816.571984886,0.0,1163816.571984886,0.0,1163816.571984886,129312.9524427651,29150.6368933847,100162.31554938041,0.06174701528197252
24,2,12,Top 0.1%,1,0.5850000000000001,0.5462938444472011,0.03870615555279899,0.933835631533677,76839.44740206756,41976.917126473985,417342.9814557517,0.0,459319.89858222567,0.0,459319.89858222567,0.0,459319.89858222567,459319.89858222567,41976.917126473985,417342.9814557517,0.024369504163959502
25,3,1,Low,408,238.68000000000004,220.61375483495945,18.066245165040584,0.9243076706676697,13422.539467951703,2961196.831445264,677789.9366983788,0.0,3638986.7681436427,0.0,3638986.7681436427,0.0,3638986.7681436427,8919.08521603834,7257.835371189373,1661.2498448489675,0.19309120288117274
25,3,1,Middle,408,265.2,245.126394261066,20.073605738933992,0.9243076706676697,19175.056382788145,4700312.430865497,2033369.810095136,0.0,6733682.240960633,0.0,6733682.240960633,0.0,6733682.240960633,16504.123139609397,11520.373605062494,4983.749534546902,0.3573013276962143
25,3,1,High,194,132.40500000000003,122.38295713475284,10.022042865247187,0.9243076706676697,29721.33739332163,3637385.160194408,3222824.6990069966,0.0,6860209.859201405,0.0,6860209.859201405,0.0,6860209.859201405,35361.90649072889,18749.408042239218,16612.498448489674,0.3640151113839367
25,3,1,Top 1%,9,5.8500000000000005,5.407199873405868,0.4428001265941326,0.9243076706676697,47937.640956970376,259208.40611390618,897074.9162184425,0.0,1156283.3223323487,0.0,1156283.3223323487,0.0,1156283.3223323487,128475.9247035943,28800.934012656242,99674.99069093805,0.06135447909157631
25,3,1,Top 0.1%,1,0.5850000000000001,0.5407199873405869,0.04428001265941317,0.9243076706676697,76700.2255311526,41473.344978224995,415312.4612122419,0.0,456785.8061904669,0.0,456785.8061904669,0.0,456785.8061904669,456785.8061904669,41473.344978224995,415312.4612122419,0.02423787894709979
26,3,2,Low,408,238.68000000000004,220.56034920103835,18.119650798961686,0.9240839165453256,13381.703823614822,2951473.268241355,680944.64730636,0.0,3632417.915547715,0.0,3632417.915547715,0.0,3632417.915547715,8902.985087126752,7234.003108434694,1668.9819786920586,0.19278726423540712
26,3,2,Middle,408,265.2,245.06705466782034,20.132945332179645,0.9240839165453256,19116.719748021173,4684878.2035577055,2042833.9419190795,0.0,6727712.145476785,0.0,6727712.145476785,0.0,6727712.145476785,16489.490552639178,11482.544616563004,5006.945936076176,0.3570671792852392
26,3,2,High,194,132.40500000000003,122.35333097018386,10.051669029816168,0.9240839165453256,29630.915609432817,3625441.2245105207,3237825.038662594,0.0,6863266.2631731145,0.0,6863266.2631731145,0.0,6863266.2631731145,35377.66115037688,18687.841363456293,16689.819786920587,0.36426159031230276
26,3,2,Top 1%,9,5.8500000000000005,5.405890911790156,0.44410908820984485,0.9240839165453256,47791.79937005293,258357.25387266764,901250.2684937115,0.0,1159607.5223663792,0.0,1159607.5223663792,0.0,1159607.5223663792,128845.28026293102,28706.361541407518,100138.9187215235,0.061545110452992505
26,3,2,Top 0.1%,1,0.5850000000000001,0.5405890911790155,0.04441090882098453,0.9240839165453256,76466.87899208469,41337.16061962682,417245.4946730146,0.0,458582.65529264143,0.0,458582.65529264143,0.0,458582.65529264143,458582.65529264143,41337.16061962682,417245.4946730146,0.024338855714058534
27,3,3,Low,408,238.68000000000004,220.50812755996188,18.171872440038157,0.9238651230097279,13339.86751031687,2941549.2065979433,682563.9825898043,0.0,3624113.1891877474,0.0,3624113.1891877474,0.0,3624113.1891877474,8882.630365656243,7209.679427936136,1672.9509377201086,0.1925668673166392
27,3,3,Middle,408,265.2,245.00903062217984,20.190969377820153,0.9238651230097279,19056.953586166957,4669125.72475864,2047691.9477694125,0.0,6716817.672528053,0.0,6716817.672528053,0.0,6716817.672528053,16462.788413058952,11443.935599898627,5018.852813160325,0.3568973897930759
27,3,3,High,194,132.40500000000003,122.32436161210305,10.080638387896983,0.9238651230097279,29538.278058558786,3613251.006633994,3245524.8191770106,0.0,6858775.825811004,0.0,6858775.825811004,0.0,6858775.825811004,35354.5145660361,18625.00518883502,16729.509377201084,0.36444032110915875
27,3,3,Top 1%,9,5.8500000000000005,5.4046109696069085,0.4453890303930921,0.9238651230097279,47642.38396541739,257488.5509977191,903393.5063688585,0.0,1160882.0573665777,0.0,1160882.0573665777,0.0,1160882.0573665777,128986.89526295307,28609.838999746567,100377.0562632065,0.0616833441566099
27,3,3,Top 0.1%,1,0.5850000000000001,0.5404610969606909,0.044538903039309186,0.9238651230097279,76227.81434466784,41198.16815963507,418237.73443002714,0.0,459435.90258966223,0.0,459435.90258966223,0.0,459435.90258966223,459435.90258966223,41198.16815963507,418237.73443002714,0.024412077624516092
28,3,4,Low,408,238.68000000000004,220.41985098499842,18.260149015001616,0.9234952697544763,13292.19115895139,2929862.794520179,686576.2260666537,0.0,3616439.0205868324,0.0,3616439.0205868324,0.0,3616439.0205868324,8863.821128889294,7181.03626107887,1682.7848678104258,0.19218853515402706
28,3,4,Middle,408,265.2,244.9109455388871,20.289054461112897,0.9234952697544763,18988.844512787702,4650575.864317744,2059728.678199961,0.0,6710304.542517705,0.0,6710304.542517705,0.0,6710304.542517705,16446.82485911202,11398.470255680746,5048.354603431278,0.35660593006615204
28,3,4,High,194,132.40500000000003,122.27539119184146,10.129608808158565,0.9234952697544763,29432.708994820936,3598896.006177361,3264602.643552226,0.0,6863498.649729587,0.0,6863498.649729587,0.0,6863498.649729587,35378.85901922468,18551.010341120418,16827.84867810426,0.3647471294315165
28,3,4,Top 1%,9,5.8500000000000005,5.402447328063687,0.44755267193631365,0.9234952697544763,47472.11128196925,256465.58075281678,908703.82861763,0.0,1165169.4093704468,0.0,1165169.4093704468,0.0,1165169.4093704468,129463.26770782743,28496.175639201865,100967.09206862556,0.06192063538703109
28,3,4,Top 0.1%,1,0.5850000000000001,0.5402447328063686,0.04475526719363143,0.9234952697544763,75955.37805115081,41034.492920450684,420696.21695260645,0.0,461730.70987305715,0.0,461730.70987305715,0.0,461730.70987305715,461730.70987305715,41034.492920450684,420696.21695260645,0.024537769961273218
29,3,5,Low,408,238.68000000000004,220.3743974329293,18.305602567070736,0.9233048325495612,13250.93518451201,2920166.8567096363,689168.5583526341,0.0,3609335.41506227,0.0,3609335.41506227,0.0,3609335.41506227,8846.410331034976,7157.271707621658,1689.1386234133188,0.1919157284066586
29,3,5,Middle,408,265.2,244.86044159214362,20.339558407856373,0.9233048325495612,18929.907406445735,4635185.486840692,2067505.6750579018,0.0,6702691.161898594,0.0,6702691.161898594,0.0,6702691.161898594,16428.164612496555,11360.7487422566,5067.415870239955,0.3563957650631505
29,3,5,High,194,132.40500000000003,122.25017635372468,10.154823646275347,0.9233048325495612,29341.356479990885,3586986.004136388,3276928.929421838,0.0,6863914.933558226,0.0,6863914.933558226,0.0,6863914.933558226,35381.0048121558,18489.61857802262,16891.386234133184,0.3649683619588017
29,3,5,Top 1%,9,5.8500000000000005,5.401333270414933,0.44866672958506726,0.9233048325495612,47324.76851611432,255616.84670077346,912134.856643192,0.0,1167751.7033439656,0.0,1167751.7033439656,0.0,1167751.7033439656,129750.18926044062,28401.871855641497,101348.3174047991,0.062091740714961235
29,3,5,Top 0.1%,1,0.5850000000000001,0.5401333270414934,0.04486667295850666,0.9233048325495612,75719.62962578292,40898.69547212376,422284.6558533297,0.0,463183.35132545343,0.0,463183.35132545343,0.0,463183.35132545343,463183.35132545343,40898.69547212376,422284.6558533297,0.024628403856427967
30,3,6,Low,408,238.68000000000004,220.30990915810182,18.370090841898218,0.9230346453749866,13206.975536533602,2909627.580706991,693390.0498716239,0.0,3603017.630578615,0.0,3603017.630578615,0.0,3603017.630578615,8830.925565143663,7131.440148791644,1699.4854163520192,0.1915406050476897
30,3,6,Middle,408,265.2,244.78878795344644,20.411212046553544,0.9230346453749866,18867.107909333718,4618456.477312684,2080170.1496148715,0.0,6698626.626927556,0.0,6698626.626927556,0.0,6698626.626927556,16418.2025169793,11319.746267923245,5098.4562490560575,0.3561067773360354
30,3,6,High,194,132.40500000000003,122.21440222087513,10.1905977791249,0.9230346453749866,29244.017259467266,3574040.0879027466,3297001.707722917,0.0,6871041.795625664,0.0,6871041.795625664,0.0,6871041.795625664,35417.74121456528,18422.887051045087,16994.85416352019,0.3652725681030741
30,3,6,Top 1%,9,5.8500000000000005,5.399752675443672,0.45024732455632854,0.9230346453749866,47167.76977333431,254694.2910282731,917722.1248300903,0.0,1172416.4158583635,0.0,1172416.4158583635,0.0,1172416.4158583635,130268.49065092928,28299.36566980812,101969.12498112115,0.062327019372728235
30,3,6,Top 0.1%,1,0.5850000000000001,0.5399752675443672,0.045024732455632877,0.9230346453749866,75468.43163733487,40751.086564523685,424871.3540880048,0.0,465622.4406525285,0.0,465622.4406525285,0.0,465622.4406525285,465622.4406525285,40751.086564523685,424871.3540880048,0.024753030140472785
31,3,7,Low,408,238.68000000000004,220.27569149037106,18.404308509628976,0.9228912832678525,13168.858574059448,2900779.4285398466,697063.9387543866,0.0,3597843.3672942333,0.0,3597843.3672942333,0.0,3597843.3672942333,8818.243547289787,7109.753501323154,1708.490045966634,0.1912185884761269
31,3,7,Middle,408,265.2,244.75076832263449,20.449231677365503,0.9228912832678525,18812.65510579921,4604411.79133309,2091191.8162631597,0.0,6695603.607596249,0.0,6695603.607596249,0.0,6695603.607596249,16410.79315587316,11285.323017973258,5125.470137899902,0.3558587020432433
31,3,7,High,194,132.40500000000003,122.19542036108004,10.20957963891999,0.9228912832678525,29159.615413988784,3563171.4630797883,3314470.68917527,0.0,6877642.152255058,0.0,6877642.152255058,0.0,6877642.152255058,35451.76367141783,18366.863211751486,17084.90045966634,0.36553370731844076
31,3,7,Top 1%,9,5.8500000000000005,5.398914007116938,0.45108599288306284,0.9228912832678525,47031.63776449803,253919.76790439835,922584.6248219823,0.0,1176504.3927263806,0.0,1176504.3927263806,0.0,1176504.3927263806,130722.71030293118,28213.30754493315,102509.40275799803,0.0625289892712284
31,3,7,Top 0.1%,1,0.5850000000000001,0.5398914007116938,0.04510859928830624,0.9228912832678525,75250.62042319684,40627.16286470374,427122.5114916585,0.0,467749.67435636226,0.0,467749.67435636226,0.0,467749.67435636226,467749.67435636226,40627.16286470374,427122.5114916585,0.024860012890960563
32,3,8,Low,408,238.68000000000004,220.2397243316648,18.440275668335232,0.9227405913007574,13129.983241472004,2891743.8895811727,699671.1241210193,0.0,3591415.013702192,0.0,3591415.013702192,0.0,3591415.013702192,8802.487778681843,7087.607572502874,1714.8802061789688,0.19095325324228604
32,3,8,Middle,408,265.2,244.71080481296084,20.489195187039144,0.9227405913007574,18757.11891638858,4590069.666001861,2099013.3723630575,0.0,6689083.038364919,0.0,6689083.038364919,0.0,6689083.038364919,16394.81136854147,11250.170750004561,5144.640618536905,0.3556542929486938
32,3,8,High,194,132.40500000000003,122.1754679911768,10.229532008823227,0.9227405913007574,29073.534320402297,3552072.661752691,3326867.599987199,0.0,6878940.26173989,0.0,6878940.26173989,0.0,6878940.26173989,35458.45495742212,18309.65289563243,17148.802061789687,0.3657488808246926
32,3,8,Top 1%,9,5.8500000000000005,5.398032459109431,0.45196754089056945,0.9227405913007574,46892.797290971444,253128.84187510266,926035.3113366431,0.0,1179164.1532117457,0.0,1179164.1532117457,0.0,1179164.1532117457,131018.23924574952,28125.426875011406,102892.81237073812,0.06269540844023977
32,3,8,Top 0.1%,1,0.5850000000000001,0.5398032459109431,0.04519675408905699,0.9227405913007574,75028.4756655543,40500.61470001642,428720.0515447422,0.0,469220.66624475864,0.0,469220.66624475864,0.0,469220.66624475864,469220.66624475864,40500.61470001642,428720.0515447422,0.024948164544087787
33,3,9,Low,408,238.68000000000004,220.18452639379012,18.495473606209913,0.9225093279444867,13086.957491973912,2881545.537305939,705593.6058996194,0.0,3587139.1432055584,0.0,3587139.1432055584,0.0,3587139.1432055584,8792.007703935193,7062.611611043968,1729.396092891224,0.1904892182368737
33,3,9,Middle,408,265.2,244.64947377087788,20.550526229122113,0.9225093279444867,18695.65355996273,4573881.805247522,2116780.8176988577,0.0,6690662.62294638,0.0,6690662.62294638,0.0,6690662.62294638,16398.682899378382,11210.49462070471,5188.1882786736705,0.3552968094214495
33,3,9,High,194,132.40500000000003,122.14484756648979,10.260152433510243,0.9225093279444867,28978.263017942238,3539545.519068203,3355028.4202089743,0.0,6894573.939277178,0.0,6894573.939277178,0.0,6894573.939277178,35539.04092410916,18245.079995196924,17293.960928912238,0.36612518983459247
33,3,9,Top 1%,9,5.8500000000000005,5.396679568475248,0.45332043152475254,0.9225093279444867,46739.13389990684,252236.12896585607,933873.8901612608,0.0,1186110.019127117,0.0,1186110.019127117,0.0,1186110.019127117,131790.00212523522,28026.236551761787,103763.76557347343,0.06298645278770566
33,3,9,Top 0.1%,1,0.5850000000000001,0.5396679568475248,0.0453320431524753,0.9225093279444867,74782.61423985093,40357.78063453696,432349.023222806,0.0,472706.8038573429,0.0,472706.8038573429,0.0,472706.8038573429,472706.8038573429,40357.78063453696,432349.023222806,0.025102329719378955
34,3,10,Low,408,238.68000000000004,220.19353511205958,18.486464887940457,0.9225470718621567,13054.57027144669,2874531.977438646,707427.3640411118,0.0,3581959.341479758,0.0,3581959.341479758,0.0,3581959.341479758,8779.312111469995,7045.421513330014,1733.8905981399798,0.19029366557904653
34,3,10,Middle,408,265.2,244.65948345784395,20.54051654215604,0.9225470718621567,18649.386102066703,4562749.170537533,2122282.092123335,0.0,6685031.2626608685,0.0,6685031.2626608685,0.0,6685031.2626608685,16384.880545737422,11183.208751317483,5201.671794419939,0.35514615946386713
34,3,10,High,194,132.40500000000003,122.14984504990888,10.255154950091153,0.9225470718621567,28906.548458203393,3530930.415097227,3363747.760391561,0.0,6894678.175488788,0.0,6894678.175488788,0.0,6894678.175488788,35539.57822416901,18200.67224276921,17338.9059813998,0.3662837731875546
34,3,10,Top 1%,9,5.8500000000000005,5.396900370393617,0.45309962960638384,0.9225470718621567,46623.46525516676,251622.1969046434,936300.9229955891,0.0,1187923.1199002324,0.0,1187923.1199002324,0.0,1187923.1199002324,131991.4577666925,27958.02187829371,104033.43588839879,0.0631091040856221
34,3,10,Top 0.1%,1,0.5850000000000001,0.5396900370393617,0.045309962960638384,0.9225470718621567,74597.54440826683,40259.55150474295,433472.6495349949,0.0,473732.20103973785,0.0,473732.20103973785,0.0,473732.20103973785,473732.20103973785,40259.55150474295,433472.6495349949,0.025167297683909504
35,3,11,Low,408,238.68000000000004,220.1390152339105,18.540984766089537,0.9223186493795478,13011.197733573856,2864272.256082637,710437.4020012022,0.0,3574709.658083839,0.0,3574709.658083839,0.0,3574709.658083839,8761.543279617252,7020.275137457443,1741.2681421598093,0.18998935359354807
35,3,11,Middle,408,265.2,244.59890581545605,20.60109418454394,0.9223186493795478,18587.425333676936,4546463.898543866,2131312.2060036063,0.0,6677776.104547473,0.0,6677776.104547473,0.0,6677776.104547473,16367.098295459491,11143.293868980065,5223.804426479427,0.3549117234392356
35,3,11,High,194,132.40500000000003,122.11960077109904,10.285399228900985,0.9223186493795478,28810.509267199246,3518327.8897224213,3378060.1957900296,0.0,6896388.085512451,0.0,6896388.085512451,0.0,6896388.085512451,35548.39219336315,18135.710771765058,17412.681421598092,0.3665305548756339
35,3,11,Top 1%,9,5.8500000000000005,5.395564098870355,0.4544359011296457,0.9223186493795478,46468.56333419234,250724.1120520515,940284.7967662971,0.0,1191008.9088183485,0.0,1191008.9088183485,0.0,1191008.9088183485,132334.32320203874,27858.234672450166,104476.08852958857,0.06329996960699964
35,3,11,Top 0.1%,1,0.5850000000000001,0.5395564098870356,0.045443590112964505,0.9223186493795478,74349.70133470774,40115.857928328245,435317.0355399523,0.0,475432.89346828056,0.0,475432.89346828056,0.0,475432.89346828056,475432.89346828056,40115.857928328245,435317.0355399523,0.025268398484582705
36,3,12,Low,408,238.68000000000004,220.090788848183,18.58921115181704,0.9221165948055261,12968.806823373114,2854314.924175887,713936.9310241268,0.0,3568251.8552000136,0.0,3568251.8552000136,0.0,3568251.8552000136,8745.715331372583,6995.869912195802,1749.8454191767814,0.18966216759793866
36,3,12,Middle,408,265.2,244.54532094242552,20.65467905757447,0.9221165948055261,18526.866890533023,4530658.609802995,2141810.79307238,0.0,6672469.402875375,0.0,6672469.402875375,0.0,6672469.402875375,16354.091673714154,11104.555416183812,5249.536257530343,0.3546596657228755
36,3,12,High,194,132.40500000000003,122.09284773522572,10.312152264774312,0.9221165948055261,28716.643680326182,3506096.8043287965,3394700.1132029556,0.0,6900796.917531752,0.0,6900796.917531752,0.0,6900796.917531752,35571.11813160697,18072.663939839156,17498.45419176781,0.3667958862334513
36,3,12,Top 1%,9,5.8500000000000005,5.3943820796123285,0.455617920387672,0.9221165948055261,46317.16722633255,249852.49686413578,944916.5263554618,0.0,1194769.0232195975,0.0,1194769.0232195975,0.0,1194769.0232195975,132752.1136910664,27761.38854045953,104990.72515060687,0.0635051817859978
36,3,12,Top 0.1%,1,0.5850000000000001,0.5394382079612329,0.0455617920387672,0.9221165948055261,74107.46756213208,39976.39949826172,437461.3547941953,0.0,477437.754292457,0.0,477437.754292457,0.0,477437.754292457,477437.754292457,39976.39949826172,437461.3547941953,0.025377098659736752
37,4,1,Low,412,241.02000000000004,220.05004251020924,20.9699574897908,0.9129949485943457,12928.298848294844,2844872.7111519696,717864.834729033,0.0,3562737.5458810027,0.0,3562737.5458810027,0.0,3562737.5458810027,8647.42122786651,6905.030852310606,1742.3903755559054,0.1894479686202954
37,4,1,Middle,412,267.8,244.5000472335658,23.299952766434217,0.9129949485943457,18468.998354706924,4515670.970082492,2153594.5041870987,0.0,6669265.47426959,0.0,6669265.47426959,0.0,6669265.47426959,16187.537558906773,10960.366432239058,5227.171126667716,0.35463706770951847
37,4,1,High,196,133.77,122.13133427346564,11.63866572653437,0.9129949485943457,28626.947449795727,3496247.2882199367,3415085.1360895745,0.0,6911332.424309511,0.0,6911332.424309511,0.0,6911332.424309511,35261.900124028114,17837.996368469063,17423.903755559055,0.3675089369854893
37,4,1,Top 1%,9,5.8500000000000005,5.341020449276923,0.5089795507230779,0.9129949485943457,46172.495886767305,246608.24472537878,940890.8028001889,0.0,1187499.0475255677,0.0,1187499.0475255677,0.0,1187499.0475255677,131944.33861395196,27400.916080597643,104543.42253335431,0.0631450617383671
37,4,1,Top 0.1%,1,0.5850000000000001,0.5341020449276923,0.050897955072307766,0.9129949485943457,73875.9934188277,39457.319156060614,435597.5938889764,0.0,475054.913045037,0.0,475054.913045037,0.0,475054.913045037,475054.913045037,39457.319156060614,435597.5938889764,0.025260964946329876
38,4,2,Low,412,241.02000000000004,220.05696015453293,20.963039845467108,0.9130236501308311,12875.144109284234,2833265.07424063,722836.5559987912,0.0,3556101.6302394215,0.0,3556101.6302394215,0.0,3556101.6302394215,8631.31463650345,6876.856976312209,1754.4576601912408,0.18901864786450095
38,4,2,Middle,412,267.8,244.50773350503658,23.292266494963428,0.9130236501308311,18393.063013263192,4497246.149588302,2168509.6679963735,0.0,6665755.817584675,0.0,6665755.817584675,0.0,6665755.817584675,16179.018974720084,10915.645994146364,5263.372980573722,0.35430712691694294
38,4,2,High,196,133.77,122.13517367800128,11.63482632199873,0.9130236501308311,28509.24767055795,3481981.915672749,3438737.013974832,0.0,6920718.929647581,0.0,6920718.929647581,0.0,6920718.929647581,35309.790457385614,17765.21385547321,17544.57660191241,0.36785926566563526
38,4,2,Top 1%,9,5.8500000000000005,5.341188353265363,0.508811646734638,0.9130236501308311,45982.65753315798,245602.03486829318,947407.13650327,0.0,1193009.171371563,0.0,1193009.171371563,0.0,1193009.171371563,132556.57459684034,27289.114985365908,105267.45961147445,0.06341241165467458
38,4,2,Top 0.1%,1,0.5850000000000001,0.5341188353265363,0.05088116467346382,0.9130236501308311,73572.25205305277,39296.32557892691,438614.41504781024,0.0,477910.7406267371,0.0,477910.7406267371,0.0,477910.7406267371,477910.7406267371,39296.32557892691,438614.41504781024,0.025402547898246138
39,4,3,Low,412,241.02000000000004,220.09543381413775,20.92456618586229,0.9131832786247519,12827.281467937302,2823226.07934171,726067.6120775527,0.0,3549293.691419263,0.0,3549293.691419263,0.0,3549293.691419263,8614.79051315355,6852.490483839102,1762.3000293144482,0.18870523169261597
39,4,3,Middle,412,267.8,244.55048201570858,23.24951798429143,0.9131832786247519,18324.687811339,4481311.237050333,2178202.836232658,0.0,6659514.073282991,0.0,6659514.073282991,0.0,6659514.073282991,16163.86910991017,10876.969021966828,5286.900087943344,0.3540662609006555
39,4,3,High,196,133.77,122.15652718163307,11.613472818366944,0.9131832786247519,28403.266107575455,3469644.3483171985,3454108.0574563188,0.0,6923752.405773517,0.0,6923752.405773517,0.0,6923752.405773517,35325.267376395495,17702.267083251012,17623.000293144483,0.3681150154106708
39,4,3,Top 1%,9,5.8500000000000005,5.342122179954799,0.5078778200452012,0.9131832786247519,45811.71952834751,244731.80299425364,951642.0158298021,0.0,1196373.8188240558,0.0,1196373.8188240558,0.0,1196373.8188240558,132930.424313784,27192.42255491707,105738.0017588669,0.06360758457886231
39,4,3,Top 0.1%,1,0.5850000000000001,0.5342122179954799,0.050787782004520166,0.9131832786247519,73298.751245356,39157.08847908058,440575.0073286121,0.0,479732.0958076927,0.0,479732.0958076927,0.0,479732.0958076927,479732.0958076927,39157.08847908058,440575.0073286121,0.025505907417195252
40,4,4,Low,412,241.02000000000004,220.108097453212,20.911902546788042,0.9132358204846567,12774.785313415381,2811833.690709094,730210.1147842857,0.0,3542043.80549338,0.0,3542043.80549338,0.0,3542043.80549338,8597.193702653834,6824.839055119161,1772.3546475346739,0.18832379954268957
40,4,4,Middle,412,267.8,244.56455272579106,23.23544727420895,0.9132358204846567,18249.693304879118,4463228.080490625,2190630.344352857,0.0,6653858.424843483,0.0,6653858.424843483,0.0,6653858.424843483,16150.141807872531,10833.077865268508,5317.0639426040225,0.35377312337082056
40,4,4,High,196,133.77,122.16355570623253,11.606444293767481,0.9132358204846567,28287.024622562632,3455643.5082420013,3473815.1091679614,0.0,6929458.617409963,0.0,6929458.617409963,0.0,6929458.617409963,35354.38070107124,17630.834225724495,17723.546475346742,0.3684262666601049
40,4,4,Top 1%,9,5.8500000000000005,5.342429549835242,0.5075704501647582,0.9132358204846567,45624.23326219779,243744.25196854144,957071.509668724,0.0,1200815.7616372656,0.0,1200815.7616372656,0.0,1200815.7616372656,133423.97351525174,27082.69466317127,106341.27885208045,0.06384511293495383
40,4,4,Top 0.1%,1,0.5850000000000001,0.5342429549835243,0.05075704501647582,0.9132358204846567,72998.77321951647,38999.08031496663,443088.66188366857,0.0,482087.7421986352,0.0,482087.7421986352,0.0,482087.7421986352,482087.7421986352,38999.08031496663,443088.66188366857,0.025631697491431057
41,4,5,Low,412,241.02000000000004,220.13046579088623,20.889534209113805,0.9133286274619791,12723.484525195638,2800826.5750144487,733151.4804976388,0.0,3533978.0555120874,0.0,3533978.0555120874,0.0,3533978.0555120874,8577.616639592445,6798.1227548894385,1779.4938847030069,0.18801206018516284
41,4,5,Middle,412,267.8,244.589406434318,23.210593565682018,0.9133286274619791,18176.406464565196,4445756.468276902,2199454.4414929166,0.0,6645210.909769818,0.0,6645210.909769818,0.0,6645210.909769818,16129.152693616064,10790.671039507044,5338.48165410902,0.3535335460167999
41,4,5,High,196,133.77,122.17597049558896,11.594029504411054,0.9133286274619791,28173.43002007606,3442116.154892353,3487808.014017893,0.0,6929924.168910246,0.0,6929924.168910246,0.0,6929924.168910246,35356.75596382779,17561.81711679772,17794.938847030066,0.36868064811312784
41,4,5,Top 1%,9,5.8500000000000005,5.342972470652578,0.5070275293474227,0.9133286274619791,45441.01616141299,242790.0983889085,960926.6977396236,0.0,1203716.7961285322,0.0,1203716.7961285322,0.0,1203716.7961285322,133746.31068094802,26976.67759876761,106769.6330821804,0.06403924166043393
41,4,5,Top 0.1%,1,0.5850000000000001,0.5342972470652578,0.050702752934742246,0.9133286274619791,72705.62585826078,38846.41574222536,444873.4711757517,0.0,483719.88691797707,0.0,483719.88691797707,0.0,483719.88691797707,483719.88691797707,38846.41574222536,444873.4711757517,0.0257345040244752
42,4,6,Low,412,241.02000000000004,220.13781650458068,20.882183495419355,0.9133591258176942,12670.092172734345,2789166.425817517,737031.7278106749,0.0,3526198.153628192,0.0,3526198.153628192,0.0,3526198.153628192,8558.733382592698,6769.821421887177,1788.9119607055218,0.18764058635651235
42,4,6,Middle,412,267.8,244.5975738939785,23.202426106021505,0.9133591258176942,18100.131675334782,4427248.29494844,2211095.183432025,0.0,6638343.478380465,0.0,6638343.478380465,0.0,6638343.478380465,16112.484170826372,10745.748288709807,5366.735882116565,0.35324806163759925
42,4,6,High,196,133.77,122.18005026063297,11.589949739367043,0.9133591258176942,28055.204096768914,3427786.2466155416,3506267.4429828227,0.0,6934053.689598365,0.0,6934053.689598365,0.0,6934053.689598365,35377.824946930436,17488.705339875214,17889.119607055218,0.36898377330412674
42,4,6,Top 1%,9,5.8500000000000005,5.343150886033511,0.5068491139664895,0.9133591258176942,45250.32918833695,241779.33649597064,966012.4587809817,0.0,1207791.7952769524,0.0,1207791.7952769524,0.0,1207791.7952769524,134199.08836410582,26864.370721774514,107334.7176423313,0.06427056869426527
42,4,6,Top 0.1%,1,0.5850000000000001,0.5343150886033512,0.05068491139664888,0.9133591258176942,72400.52670133913,38684.69383935531,447227.9901763805,0.0,485912.6840157358,0.0,485912.6840157358,0.0,485912.6840157358,485912.6840157358,38684.69383935531,447227.9901763805,0.025857010007496368
43,4,7,Low,412,241.02000000000004,220.16134223969866,20.858657760301384,0.9134567348755233,12619.45842632491,2778316.905477768,740304.7406740655,0.0,3518621.6461518332,0.0,3518621.6461518332,0.0,3518621.6461518332,8540.3438013394,6743.487634654776,1796.8561666846251,0.18731274018950744
43,4,7,Middle,412,267.8,244.62371359966514,23.176286400334874,0.9134567348755233,18027.79775189273,4410026.834091694,2220914.222022196,0.0,6630941.056113889,0.0,6630941.056113889,0.0,6630941.056113889,16094.517126490024,10703.948626436151,5390.568500053873,0.352996105908172
43,4,7,High,196,133.77,122.19310742429876,11.576892575701251,0.9134567348755233,27943.08651543373,3414452.572346868,3521838.0867018644,0.0,6936290.659048732,0.0,6936290.659048732,0.0,6936290.659048732,35389.23805637108,17420.676389524837,17968.561666846246,0.3692512980241121
43,4,7,Top 1%,9,5.8500000000000005,5.343721899021811,0.5062781009781894,0.9134567348755233,45069.49437973183,240838.8440948134,970302.3300096974,0.0,1211141.1741045108,0.0,1211141.1741045108,0.0,1211141.1741045108,134571.24156716786,26759.871566090376,107811.37000107748,0.06447472757577181
43,4,7,Top 0.1%,1,0.5850000000000001,0.5343721899021812,0.050627810097818915,0.9134567348755233,72111.19100757092,38534.21505517014,449214.0416711562,0.0,487748.2567263263,0.0,487748.2567263263,0.0,487748.2567263263,487748.2567263263,38534.21505517014,449214.0416711562,0.025965128302436746
44,4,8,Low,412,241.02000000000004,220.16919131538364,20.850808684616396,0.9134893009517202,12566.736957223173,2766808.313344971,744518.4418188361,0.0,3511326.755163807,0.0,3511326.755163807,0.0,3511326.755163807,8522.637755251959,6715.554158604298,1807.0835966476604,0.18692536271674445
44,4,8,Middle,412,267.8,244.63243479487068,23.167565205129335,0.9134893009517202,17952.481367461674,4391759.2275316985,2233555.325456508,0.0,6625314.552988207,0.0,6625314.552988207,0.0,6625314.552988207,16080.860565505356,10659.609775562376,5421.25078994298,0.3526983992898353
44,4,8,High,196,133.77,122.19746378831162,11.572536211688387,0.9134893009517202,27826.346119565595,3400308.9223066424,3541883.849429414,0.0,6942192.771736057,0.0,6942192.771736057,0.0,6942192.771736057,35419.35087620437,17348.514909727768,18070.835966476603,0.36956740069774174
44,4,8,Top 1%,9,5.8500000000000005,5.3439124105675635,0.506087589432437,0.9134893009517202,44881.20341865418,239841.21995015343,975825.1421897366,0.0,1215666.36213989,0.0,1215666.36213989,0.0,1215666.36213989,135074.04023776556,26649.024438905937,108425.01579885962,0.06471595824893352
44,4,8,Top 0.1%,1,0.5850000000000001,0.5343912410567564,0.05060875894324368,0.9134893009517202,71809.92546984668,38374.59519202455,451770.8991619151,0.0,490145.49435393966,0.0,490145.49435393966,0.0,490145.49435393966,490145.49435393966,38374.59519202455,451770.8991619151,0.026092879046744826
45,4,9,Low,412,241.02000000000004,220.19734175011092,20.822658249889116,0.9136060980421163,12517.687017945958,2756361.406211573,747854.6435841905,0.0,3504216.0497957636,0.0,3504216.0497957636,0.0,3504216.0497957636,8505.378761640202,6690.197587892168,1815.1811737480352,0.18659952755921208
45,4,9,Middle,412,267.8,244.66371305567876,23.136286944321256,0.9136060980421163,17882.410025637088,4375176.835256466,2243563.930752571,0.0,6618740.766009036,0.0,6618740.766009036,0.0,6618740.766009036,16064.904771866593,10619.361250622489,5445.543521244105,0.3524479890576856
45,4,9,High,196,133.77,122.21308773509391,11.556912264906103,0.9136060980421163,27717.73553973749,3387470.045336068,3557755.1005461486,0.0,6945225.145882217,0.0,6945225.145882217,0.0,6945225.145882217,35434.82217286846,17283.010435388103,18151.81173748035,0.36983328442021
45,4,9,Top 1%,9,5.8500000000000005,5.344595673546381,0.5054043264536192,0.9136060980421163,44706.02506409272,238935.62813900603,980197.833823939,0.0,1219133.461962945,0.0,1219133.461962945,0.0,1219133.461962945,135459.27355143835,26548.403126556226,108910.8704248821,0.06491886481918573
45,4,9,Top 0.1%,1,0.5850000000000001,0.5344595673546382,0.0505404326453619,0.9136060980421163,71529.64010254836,38229.70050224097,453795.2934370088,0.0,492024.9939392498,0.0,492024.9939392498,0.0,492024.9939392498,492024.9939392498,38229.70050224097,453795.2934370088,0.02620033414370648
46,4,10,Low,412,241.02000000000004,220.2138552944819,20.806144705518136,0.9136746132872038,12467.584607726056,2745534.8726774957,750479.3310840803,0.0,3496014.2037615757,0.0,3496014.2037615757,0.0,3496014.2037615757,8485.47136835334,6663.919593877416,1821.551774475923,0.18630551616148355
46,4,10,Middle,412,267.8,244.68206143831318,23.117938561686827,0.9136746132872038,17810.835153894368,4357991.86139285,2251437.9932522406,0.0,6609429.85464509,0.0,6609429.85464509,0.0,6609429.85464509,16042.305472439539,10577.650149011772,5464.655323427768,0.35222203596251495
46,4,10,High,196,133.77,122.22225301942926,11.54774698057075,0.9136746132872038,27606.794488536274,3374164.6210332657,3570241.4779728088,0.0,6944406.0990060745,0.0,6944406.0990060745,0.0,6944406.0990060745,35430.64336227589,17215.125617516664,18215.51774475923,0.370073199736495
46,4,10,Top 1%,9,5.8500000000000005,5.344996487730143,0.505003512269858,0.9136746132872038,44527.08788473593,237997.1283527649,983637.9582169984,0.0,1221635.0865697633,0.0,1221635.0865697633,0.0,1221635.0865697633,135737.2318410848,26444.125372529434,109293.10646855537,0.06510195385346904
46,4,10,Top 0.1%,1,0.5850000000000001,0.5344996487730143,0.05050035122698582,0.9136746132872038,71243.34061557749,38079.540536442386,455387.94361898076,0.0,493467.4841554231,0.0,493467.4841554231,0.0,493467.4841554231,493467.4841554231,38079.540536442386,455387.94361898076,0.02629729428603738
47,4,11,Low,412,241.02000000000004,220.20809755996603,20.811902440034004,0.9136507242551074,12414.693097698348,2733815.948834995,754634.6048437166,0.0,3488450.5536787114,0.0,3488450.5536787114,0.0,3488450.5536787114,8467.112994365805,6635.475603968434,1831.6373903973704,0.1859177442595443
47,4,11,Middle,412,267.8,244.67566395551776,23.12433604448225,0.9136507242551074,17735.275853854786,4339390.394976182,2263903.81453115,0.0,6603294.209507331,0.0,6603294.209507331,0.0,6603294.209507331,16027.413129872164,10532.500958680053,5494.912171192112,0.35192402621819785
47,4,11,High,196,133.77,122.21905738360573,11.55094261639428,0.9136507242551074,27489.677573474917,3359762.4808093505,3590009.2851788457,0.0,6949771.765988196,0.0,6949771.765988196,0.0,6949771.765988196,35458.01921422549,17141.645310251788,18316.3739039737,0.370389624267037
47,4,11,Top 1%,9,5.8500000000000005,5.344856736892379,0.5051432631076214,0.9136507242551074,44338.18963463696,236981.27157030124,989084.1908145801,0.0,1226065.4623848812,0.0,1226065.4623848812,0.0,1226065.4623848812,136229.49582054236,26331.252396700136,109898.24342384223,0.06534343014859495
47,4,11,Top 0.1%,1,0.5850000000000001,0.5344856736892379,0.050514326310762137,0.9136507242551074,70941.10341541914,37917.0034512482,457909.3475993426,0.0,495826.3510505908,0.0,495826.3510505908,0.0,495826.3510505908,495826.3510505908,37917.0034512482,457909.3475993426,0.026425175106626116
48,4,12,Low,412,241.02000000000004,220.22979475554584,20.7902052444542,0.9137407466415476,12366.413411441052,2723452.687463892,757593.7887014275,0.0,3481046.47616532,0.0,3481046.47616532,0.0,3481046.47616532,8449.141932440096,6610.322056951195,1838.8198754889017,0.18561219691186684
48,4,12,Middle,412,267.8,244.69977195060645,23.100228049393564,0.9137407466415476,17666.304873487214,4322940.773752209,2272781.3661042824,0.0,6595722.139856491,0.0,6595722.139856491,0.0,6595722.139856491,16009.034320040028,10492.574693573322,5516.459626466705,0.35168920753612526
48,4,12,High,196,133.77,122.23109967823983,11.538900321760181,0.9137407466415476,27382.772553905186,3347026.401502955,3604086.9559582477,0.0,6951113.357461203,0.0,6951113.357461203,0.0,6951113.357461203,35464.864068679606,17076.665313790585,18388.198754889017,0.37063895299757055
48,4,12,Top 1%,9,5.8500000000000005,5.345383367853054,0.5046166321469467,0.9137407466415476,44165.76218371804,236082.93060539977,992962.7327640069,0.0,1229045.6633694067,0.0,1229045.6633694067,0.0,1229045.6633694067,136560.62926326742,26231.436733933308,110329.1925293341,0.06553370293817481
48,4,12,Top 0.1%,1,0.5850000000000001,0.5345383367853054,0.050461663214694696,0.9137407466415476,70665.21949394887,37773.26889686397,459704.96887222544,0.0,497478.2377690894,0.0,497478.2377690894,0.0,497478.2377690894,497478.2377690894,37773.26889686397,459704.96887222544,0.02652593961626253
49,5,1,Low,417,243.94500000000002,220.56355846883798,23.38144153116204,0.9041528150560084,12320.14142224834,2717374.2329304246,765106.4741076746,0.0,3482480.707038099,0.0,3482480.707038099,0.0,3482480.707038099,8351.272678748439,6516.484971056174,1834.787707692265,0.1856258071510261
49,5,1,Middle,416,270.40000000000003,244.4829211911447,25.917078808855337,0.9041528150560084,17600.202031783345,4302948.806284713,2289815.0591999465,0.0,6592763.865484659,0.0,6592763.865484659,0.0,6592763.865484659,15847.990061261198,10343.626938184405,5504.363123076794,0.35141246049502384
49,5,1,High,198,135.13500000000002,122.18269066259371,12.952309337406305,0.9041528150560084,27280.313149264188,3333182.062695234,3632879.6612306847,0.0,6966061.723925918,0.0,6966061.723925918,0.0,6966061.723925918,35182.12991881777,16834.252841895122,18347.87707692265,0.3713102638456255
49,5,1,Top 1%,9,5.8500000000000005,5.28929396807765,0.5607060319223507,0.9041528150560084,44000.505079458366,232731.6061091491,990785.3621538231,0.0,1223516.9682629723,0.0,1223516.9682629723,0.0,1223516.9682629723,135946.32980699692,25859.06734546101,110087.26246153591,0.06521682211700072
49,5,1,Top 0.1%,1,0.5850000000000001,0.528929396807765,0.05607060319223511,0.9041528150560084,70400.8081271334,37237.056977463864,458696.92692306626,0.0,495933.98390053015,0.0,495933.98390053015,0.0,495933.98390053015,495933.98390053015,37237.056977463864,458696.92692306626,0.02643464639132393
50,5,2,Low,417,243.94500000000002,220.66187059527053,23.283129404729493,0.9045558244492427,12265.167604532142,2706454.826780576,767979.1180157922,0.0,3474433.944796368,0.0,3474433.944796368,0.0,3474433.944796368,8331.975886801842,6490.299344797544,1841.676542004298,0.18531678090774775
50,5,2,Middle,416,270.40000000000003,244.59189493107525,25.80810506892479,0.9045558244492427,17521.668006474487,4285657.980056791,2298412.3244213634,0.0,6584070.304478154,0.0,6584070.304478154,0.0,6584070.304478154,15827.092078072485,10302.062452059592,5525.029626012893,0.35117625877549863
50,5,2,High,198,135.13500000000002,122.23715133694843,12.89784866305159,0.9045558244492427,27158.585410035463,3319788.1148639442,3646519.5531685096,0.0,6966307.668032454,0.0,6966307.668032454,0.0,6966307.668032454,35183.37206076997,16766.60664072699,18416.76542004298,0.37156375178357165
50,5,2,Top 1%,9,5.8500000000000005,5.29165157302807,0.5583484269719303,0.9045558244492427,43804.17001618623,231796.40517134088,994505.3326823208,0.0,1226301.7378536616,0.0,1226301.7378536616,0.0,1226301.7378536616,136255.74865040684,25755.156130148986,110500.59252025787,0.0654075725978254
50,5,2,Top 0.1%,1,0.5850000000000001,0.529165157302807,0.05583484269719308,0.9045558244492427,70086.67202589796,37087.424827414536,460419.13550107443,0.0,497506.56032848894,0.0,497506.56032848894,0.0,497506.56032848894,497506.56032848894,37087.424827414536,460419.13550107443,0.02653563593535674
51,5,3,Low,417,243.94500000000002,220.7184503780998,23.226549621900233,0.9047877610858995,12204.77538340487,2693819.109837902,773041.7289024495,0.0,3466860.838740351,0.0,3466860.838740351,0.0,3466860.838740351,8313.814961008036,6459.997865318709,1853.8170956893273,0.1848690277235512
51,5,3,Middle,416,270.40000000000003,244.65461059762725,25.74538940237278,0.9047877610858995,17435.3934048641,4265649.384083465,2313563.73542028,0.0,6579213.119503745,0.0,6579213.119503745,0.0,6579213.119503745,15815.416152653233,10253.964865585252,5561.451287067981,0.3508340222362711
51,5,3,High,198,135.13500000000002,122.26849409434305,12.866505905656965,0.9047877610858995,27024.859777539357,3304288.90811052,3670557.849464868,0.0,6974846.757575388,0.0,6974846.757575388,0.0,6974846.757575388,35226.49877563327,16688.32781874,18538.170956893275,0.37193103460773125
51,5,3,Top 1%,9,5.8500000000000005,5.293008402352513,0.556991597647488,0.9047877610858995,43588.48351216025,230714.20947566818,1001061.2316722367,0.0,1231775.4411479048,0.0,1231775.4411479048,0.0,1231775.4411479048,136863.93790532276,25634.91216396313,111229.02574135963,0.06568395409303486
51,5,3,Top 0.1%,1,0.5850000000000001,0.5293008402352513,0.05569915976474882,0.9047877610858995,69741.57361945641,36914.273516106914,463454.27392233186,0.0,500368.54743843875,0.0,500368.54743843875,0.0,500368.54743843875,500368.54743843875,36914.273516106914,463454.27392233186,0.026681961339411503
52,5,4,Low,417,243.94500000000002,220.80369880116862,23.1413011988314,0.9051372186401385,12149.446938152461,2682642.8223325964,777375.9254338335,0.0,3460018.74776643,0.0,3460018.74776643,0.0,3460018.74776643,8297.407068984245,6433.196216624931,1864.2108523593129,0.18448053638935144
52,5,4,Middle,416,270.40000000000003,244.7491039202935,25.65089607970654,0.9051372186401385,17356.35276878923,4247951.787485669,2326535.1437444226,0.0,6574486.931230092,0.0,6574486.931230092,0.0,6574486.931230092,15804.05512314926,10211.42256607132,5592.632557077939,0.3505370820146734
52,5,4,High,198,135.13500000000002,122.31571804093514,12.819281959064881,0.9051372186401385,26902.34679162331,3290579.8648036527,3691137.48767144,0.0,6981717.352475093,0.0,6981717.352475093,0.0,6981717.352475093,35261.19874987421,16619.090226281074,18642.10852359313,0.3722497061424576
52,5,4,Top 1%,9,5.8500000000000005,5.29505272904481,0.5549472709551901,0.9051372186401385,43390.88192197308,229757.0077366047,1006673.860274029,0.0,1236430.8680106336,0.0,1236430.8680106336,0.0,1236430.8680106336,137381.20755673706,25528.5564151783,111852.65114155877,0.06592375543808784
52,5,4,Top 0.1%,1,0.5850000000000001,0.5295052729044811,0.05549472709551895,0.9051372186401385,69425.41107515692,36761.12123785675,466052.7130898282,0.0,502813.83432768495,0.0,502813.83432768495,0.0,502813.83432768495,502813.83432768495,36761.12123785675,466052.7130898282,0.026808920015429803
53,5,5,Low,417,243.94500000000002,220.89063509370285,23.054364906297167,0.9054935952518102,12094.874501642773,2671644.510046505,782008.3484715769,0.0,3453652.8585180817,0.0,3453652.8585180817,0.0,3453652.8585180817,8282.141147525375,6406.8213670179975,1875.3197805073787,0.1840795770958808
53,5,5,Middle,416,270.40000000000003,244.8454681560895,25.554531843910524,0.9054935952518102,17278.39214520396,4230536.013776964,2340399.086073208,0.0,6570935.099850172,0.0,6570935.099850172,0.0,6570935.099850172,15795.51706694753,10169.557725425393,5625.959341522135,0.35023061200884914
53,5,5,High,198,135.13500000000002,122.36387699435339,12.77112300564663,0.9054935952518102,26781.50782506614,3277089.129229706,3713133.1654046094,0.0,6990222.294634315,0.0,6990222.294634315,0.0,6990222.294634315,35304.15300320361,16550.95519812983,18753.197805073785,0.3725786048904212
53,5,5,Top 1%,9,5.8500000000000005,5.29713753222309,0.5528624677769107,0.9054935952518102,43195.980363009905,228815.04882207135,1012672.6814739844,0.0,1241487.7302960558,0.0,1241487.7302960558,0.0,1241487.7302960558,137943.0811440062,25423.894313563484,112519.1868304427,0.06617125279368212
53,5,5,Top 0.1%,1,0.5850000000000001,0.5297137532223091,0.055286246777691006,0.9054935952518102,69113.56858081585,36610.40781153142,468829.9451268446,0.0,505440.352938376,0.0,505440.352938376,0.0,505440.352938376,505440.352938376,36610.40781153142,468829.9451268446,0.026939953211166625
54,5,6,Low,417,243.94500000000002,220.98514162482746,22.95985837517256,0.9058810044265201,12041.77784562377,2661053.9826298784,787004.6347890437,0.0,3448058.617418922,0.0,3448058.617418922,0.0,3448058.617418922,8268.725701244417,6381.424418776687,1887.3012824677307,0.183666528464484
54,5,6,Middle,416,270.40000000000003,244.95022359693107,25.449776403068967,0.9058810044265201,17202.539779462524,4213765.965414447,2355352.0005197274,0.0,6569117.965934174,0.0,6569117.965934174,0.0,6569117.965934174,15791.148956572533,10129.245109169344,5661.90384740319,0.34991490161497313
54,5,6,High,198,135.13500000000002,122.41622953317781,12.718770466822207,0.9058810044265201,26663.936658166916,3264098.590204275,3736856.5392861064,0.0,7000955.129490381,0.0,7000955.129490381,0.0,7000955.129490381,35358.35923985041,16485.346415173106,18873.012824677306,0.3729174202762392
54,5,6,Top 1%,9,5.8500000000000005,5.299403875895143,0.5505961241048576,0.9058810044265201,43006.349448656314,227908.01495631022,1019142.6925325744,0.0,1247050.7074888847,0.0,1247050.7074888847,0.0,1247050.7074888847,138561.1897209872,25323.112772923356,113238.07694806383,0.06642621245085253
54,5,6,Top 0.1%,1,0.5850000000000001,0.5299403875895143,0.055059612410485737,0.9058810044265201,68810.1591178501,36465.282393009635,471825.32061693264,0.0,508290.6030099423,0.0,508290.6030099423,0.0,508290.6030099423,508290.6030099423,36465.282393009635,471825.32061693264,0.027074937193451144
55,5,7,Low,417,243.94500000000002,221.090537756297,22.85446224370301,0.906313053173039,11990.345096652203,2650951.8453024146,791761.0008190338,0.0,3442712.8461214486,0.0,3442712.8461214486,0.0,3442712.8461214486,8255.906105806831,6357.198669789963,1898.7074360168676,0.18327348947896963
55,5,7,Middle,416,270.40000000000003,245.0670495779898,25.332950422010242,0.906313053173039,17129.064423788863,4197769.280369246,2369586.8801490506,0.0,6567356.160518297,0.0,6567356.160518297,0.0,6567356.160518297,15786.913847399752,10090.79153934915,5696.122308050602,0.3496144854327291
55,5,7,High,198,135.13500000000002,122.47461444053864,12.660385559461375,0.906313053173039,26550.049856872738,3251707.119597567,3759440.7233133977,0.0,7011147.842910964,0.0,7011147.842910964,0.0,7011147.842910964,35409.837590459414,16422.76323029074,18987.074360168674,0.3732398221567834
55,5,7,Top 1%,9,5.8500000000000005,5.3019313610622785,0.5480686389377221,0.906313053173039,42822.661059472164,227042.80963535586,1025302.0154491086,0.0,1252344.8250844644,0.0,1252344.8250844644,0.0,1252344.8250844644,139149.42500938493,25226.978848372873,113922.44616101206,0.066668820893017
55,5,7,Top 0.1%,1,0.5850000000000001,0.5301931361062279,0.054806863893772206,0.906313053173039,68516.25769515545,36326.849541656935,474676.8590042169,0.0,511003.7085458739,0.0,511003.7085458739,0.0,511003.7085458739,511003.7085458739,36326.849541656935,474676.8590042169,0.027203382038500944
56,5,8,Low,417,243.94500000000002,221.1878952233604,22.757104776639608,0.9067121491457517,11939.997949001463,2640983.0153108737,793300.7813839406,0.0,3434283.796694814,0.0,3434283.796694814,0.0,3434283.796694814,8235.692558021137,6333.292602663966,1902.3999553571716,0.18304495698301318
56,5,8,Middle,416,270.40000000000003,245.1749651290113,25.225034870988736,0.9067121491457517,17057.139927144945,4181983.6868384285,2374195.1442857496,0.0,6556178.831124178,0.0,6556178.831124178,0.0,6556178.831124178,15760.045267125428,10052.845401053915,5707.1998660715135,0.34943980846050937
56,5,8,High,198,135.13500000000002,122.52854627481118,12.606453725188842,0.9067121491457517,26438.566887074667,3239479.1662626187,3766751.9116071993,0.0,7006231.077869818,0.0,7006231.077869818,0.0,7006231.077869818,35385.005443786955,16361.005890215247,19023.999553571713,0.3734272827120395
56,5,8,Top 1%,9,5.8500000000000005,5.304266072502648,0.5457339274973529,0.9067121491457517,42642.84981786236,226189.02152371305,1027295.9758928725,0.0,1253484.9974165857,0.0,1253484.9974165857,0.0,1253484.9974165857,139276.11082406508,25132.113502634784,114143.99732143029,0.06680988555802825
56,5,8,Top 0.1%,1,0.5850000000000001,0.5304266072502648,0.05457339274973527,0.9067121491457517,68228.55970857978,36190.24344379409,475599.9888392929,0.0,511790.232283087,0.0,511790.232283087,0.0,511790.232283087,511790.232283087,36190.24344379409,475599.9888392929,0.027278066286409716
57,5,9,Low,417,243.94500000000002,221.220277187268,22.72472281273201,0.9068448920341388,11880.965358532747,2628310.4498669435,798241.1240118999,0.0,3426551.5738788433,0.0,3426551.5738788433,0.0,3426551.5738788433,8217.150057263414,6302.902757474685,1914.247299788729,0.18260363643056995
57,5,9,Middle,416,270.40000000000003,245.21085880603115,25.18914119396888,0.9068448920341388,16972.807655046785,4161916.741443602,2388980.630136333,0.0,6550897.371579935,0.0,6550897.371579935,0.0,6550897.371579935,15747.349450913305,10004.60755154712,5742.741899366185,0.349102488651541
57,5,9,High,198,135.13500000000002,122.54648448503336,12.588515514966659,0.9068448920341388,26307.85186532252,3223934.760448302,3790209.653581682,0.0,7014144.414029984,0.0,7014144.414029984,0.0,7014144.414029984,35424.97178803022,16282.49879014294,19142.472997887282,0.37378928897929126
57,5,9,Top 1%,9,5.8500000000000005,5.305042618399712,0.5449573816002884,0.9068448920341388,42432.01913761696,225103.66990981018,1033693.5418859135,0.0,1258797.2117957235,0.0,1258797.2117957235,0.0,1258797.2117957235,139866.3568661915,25011.5188788678,114854.83798732371,0.06708229642735532
57,5,9,Top 0.1%,1,0.5850000000000001,0.5305042618399712,0.05449573816002884,0.9068448920341388,67891.23062018714,36016.58718556963,478561.82494718215,0.0,514578.4121327518,0.0,514578.4121327518,0.0,514578.4121327518,514578.4121327518,36016.58718556963,478561.82494718215,0.027422289511242415
58,5,10,Low,417,243.94500000000002,221.29714046912898,22.647859530871045,0.9071599765075281,11829.179585174397,2617763.6162948916,801884.1033461676,0.0,3419647.719641059,0.0,3419647.719641059,0.0,3419647.719641059,8200.594051897024,6277.610590635231,1922.9834612617929,0.18225988587752828
58,5,10,Middle,416,270.40000000000003,245.29605764763562,25.103942352364413,0.9071599765075281,16898.827978820565,4145215.8820702475,2399883.359654717,0.0,6545099.241724964,0.0,6545099.241724964,0.0,6545099.241724964,15733.411638761932,9964.461254976557,5768.950383785378,0.3488397456855883
58,5,10,High,198,135.13500000000002,122.58906342534483,12.545936574655187,0.9071599765075281,26193.18336717188,3210997.817109921,3807507.253298349,0.0,7018505.07040827,0.0,7018505.07040827,0.0,7018505.07040827,35446.99530509227,16217.160692474348,19229.834612617924,0.37407126056181433
58,5,10,Top 1%,9,5.8500000000000005,5.30688586256904,0.5431141374309609,0.9071599765075281,42247.069947051416,224200.3782369725,1038411.069081368,0.0,1262611.4473183407,0.0,1262611.4473183407,0.0,1262611.4473183407,140290.16081314895,24911.15313744139,115379.00767570756,0.06729448094146269
58,5,10,Top 0.1%,1,0.5850000000000001,0.530688586256904,0.054311413743096115,0.9071599765075281,67595.31191528228,35872.060517915605,480745.86531544814,0.0,516617.9258333637,0.0,516617.9258333637,0.0,516617.9258333637,516617.9258333637,35872.060517915605,480745.86531544814,0.02753462693360635
59,5,11,Low,417,243.94500000000002,221.35773473145335,22.587265268546673,0.9074083696384567,11776.145945591965,2606740.990383226,805031.7573054109,0.0,3411772.747688637,0.0,3411772.747688637,0.0,3411772.747688637,8181.709227071072,6251.177434971765,1930.5317920993068,0.1819334069441675
59,5,11,Middle,416,270.40000000000003,245.36322315023872,25.03677684976131,0.9074083696384567,16823.065636559953,4127761.6078543724,2409303.676539935,0.0,6537065.284394307,0.0,6537065.284394307,0.0,6537065.284394307,15714.09924133247,9922.503865034549,5791.595376297921,0.3485902041429981
59,5,11,High,198,135.13500000000002,122.62263003109287,12.512369968907151,0.9074083696384567,26075.751736667928,3197477.2579880585,3822452.9483566275,0.0,7019930.206344686,0.0,7019930.206344686,0.0,7019930.206344686,35454.1929613368,16148.87504034373,19305.317920993068,0.37433906458623156
59,5,11,Top 1%,9,5.8500000000000005,5.308338962384973,0.5416610376150279,0.9074083696384567,42057.66409139988,223256.33696327737,1042487.1677336257,0.0,1265743.504696903,0.0,1265743.504696903,0.0,1265743.504696903,140638.1671885448,24806.259662586373,115831.90752595842,0.06749600432296265
59,5,11,Top 0.1%,1,0.5850000000000001,0.5308338962384973,0.05416610376150277,0.9074083696384567,67292.2625462398,35721.01391412438,482632.9480248267,0.0,518353.9619389511,0.0,518353.9619389511,0.0,518353.9619389511,518353.9619389511,35721.01391412438,482632.9480248267,0.027641320003640283
60,5,12,Low,417,243.94500000000002,221.40846396357242,22.536536036427606,0.907616323202248,11721.919027714448,2595332.086631628,809236.7013155443,0.0,3404568.7879471723,0.0,3404568.7879471723,0.0,3404568.7879471723,8164.433544237823,6223.817953553065,1940.6155906847584,0.18154810280202405
60,5,12,Middle,416,270.40000000000003,245.4194537938879,24.980546206112137,0.907616323202248,16745.59861102064,4109695.6645683735,2421888.2571745785,0.0,6531583.9217429515,0.0,6531583.9217429515,0.0,6531583.9217429515,15700.922888805171,9879.076116750897,5821.846772054275,0.3482957000259724
60,5,12,High,198,135.13500000000002,122.65073183593582,12.484268164064204,0.907616323202248,25955.677847081995,3183482.883242394,3842418.8695558216,0.0,7025901.7527982155,0.0,7025901.7527982155,0.0,7025901.7527982155,35484.35228685968,16078.19638001209,19406.155906847584,0.3746551217321809
60,5,12,Top 1%,9,5.8500000000000005,5.3095554907331515,0.5404445092668491,0.907616323202248,41863.99652755161,222279.21262689523,1047932.4189697696,0.0,1270211.631596665,0.0,1270211.631596665,0.0,1270211.631596665,141134.62573296277,24697.690291877247,116436.93544108552,0.06773383833213248
60,5,12,Top 0.1%,1,0.5850000000000001,0.5309555490733152,0.05404445092668486,0.907616323202248,66982.39444408257,35564.67402030324,485153.8976711896,0.0,520718.57169149286,0.0,520718.57169149286,0.0,520718.57169149286,520718.57169149286,35564.67402030324,485153.8976711896,0.027767237107690114
61,6,1,Low,420,245.70000000000005,220.92097275600068,24.779027243999366,0.8991492582661809,11651.890574752288,2574147.0002207514,801828.6169223547,0.0,3375975.617143106,0.0,3375975.617143106,0.0,3375975.617143106,8038.037183674062,6128.921429097027,1909.115754577035,0.18002100239289315
61,6,1,Middle,420,273.0,245.46774750666737,27.532252493332635,0.8991492582661809,16645.55796393184,4085947.619398017,2405485.8507670644,0.0,6491433.470165081,0.0,6491433.470165081,0.0,6491433.470165081,15455.793976583527,9728.446712852421,5727.347263731106,0.3461501186003259
61,6,1,High,200,136.50000000000003,122.73387375333371,13.766126246666317,0.8991492582661809,25800.614844094354,3166609.405033464,3818231.50915407,0.0,6984840.914187534,0.0,6984840.914187534,0.0,6984840.914187534,34924.20457093767,15833.04702516732,19091.15754577035,0.37246064709170273
61,6,1,Top 1%,10,6.5,5.844470178730176,0.6555298212698242,0.8991492582661809,41613.8949098296,243211.16782131055,1145469.452746221,0.0,1388680.6205675316,0.0,1388680.6205675316,0.0,1388680.6205675316,138868.06205675314,24321.116782131056,114546.9452746221,0.07405020227299672
61,6,1,Top 0.1%,1,0.5850000000000001,0.5260023160857159,0.05899768391428417,0.8991492582661809,66582.23185572735,35022.408166268724,477278.9386442588,0.0,512301.3468105275,0.0,512301.3468105275,0.0,512301.3468105275,512301.3468105275,35022.408166268724,477278.9386442588,0.027318029642081673
62,6,2,Low,420,245.70000000000005,221.03805199015494,24.661948009845105,0.8996257712257016,11592.944689998927,2562481.9111069734,804529.7726776613,0.0,3367011.683784635,0.0,3367011.683784635,0.0,3367011.683784635,8016.694485201511,6101.147407397556,1915.5470778039553,0.17970263317743287
62,6,2,Middle,420,273.0,245.59783554461654,27.402164455383456,0.8996257712257016,16561.349557141326,4067431.6049317033,2413589.318032984,0.0,6481020.922964687,0.0,6481020.922964687,0.0,6481020.922964687,15431.00219753497,9684.360964123103,5746.641233411867,0.3459021336764942
62,6,2,High,200,136.50000000000003,122.7989177723083,13.701082227691728,0.8996257712257016,25670.09181356906,3152259.4938220712,3831094.1556079113,0.0,6983353.6494299825,0.0,6983353.6494299825,0.0,6983353.6494299825,34916.768247149914,15761.297469110355,19155.470778039555,0.3727124100149314
62,6,2,Top 1%,10,6.5,5.847567512967061,0.6524324870329394,0.8996257712257016,41403.37389285331,242109.02410307757,1149328.2466823733,0.0,1391437.270785451,0.0,1391437.270785451,0.0,1391437.270785451,139143.72707854508,24210.902410307757,114932.82466823733,0.07426316417776943
62,6,2,Top 0.1%,1,0.5850000000000001,0.5262810761670356,0.05871892383296451,0.8996257712257016,66245.3982285653,34863.69947084318,478886.7694509889,0.0,513750.4689218321,0.0,513750.4689218321,0.0,513750.4689218321,513750.4689218321,34863.69947084318,478886.7694509889,0.027419658953372186
63,6,3,Low,420,245.70000000000005,221.11724688431775,24.582753115682294,0.8999480947672679,11529.749551703582,2549426.478138393,809092.821420635,0.0,3358519.299559028,0.0,3358519.299559028,0.0,3358519.299559028,7996.47452275959,6070.063043186649,1926.4114795729404,0.1792688423775205
63,6,3,Middle,420,273.0,245.68582987146414,27.314170128535864,0.8999480947672679,16471.07078814798,4046708.6954577668,2427278.464261905,0.0,6473987.159719672,0.0,6473987.159719672,0.0,6473987.159719672,15414.255142189695,9635.020703470873,5779.234438718821,0.3455642442913047
63,6,3,High,200,136.50000000000003,122.8429149357321,13.657085064267932,0.8999480947672679,25530.159721629363,3136199.23897977,3852822.959145881,0.0,6989022.198125651,0.0,6989022.198125651,0.0,6989022.198125651,34945.11099062826,15680.99619489885,19264.114795729405,0.37305544707552707
63,6,3,Top 1%,10,6.5,5.849662615987241,0.6503373840127589,0.8999480947672679,41177.67697036995,240875.51758677184,1155846.887743764,0.0,1396722.405330536,0.0,1396722.405330536,0.0,1396722.405330536,139672.24053305358,24087.551758677182,115584.68877437641,0.07455333329757166
63,6,3,Top 0.1%,1,0.5850000000000001,0.5264696354388518,0.05853036456114824,0.8999480947672679,65884.2831525919,34686.07453249515,481602.8698932351,0.0,516288.94442573027,0.0,516288.94442573027,0.0,516288.94442573027,516288.94442573027,34686.07453249515,481602.8698932351,0.02755813295807621
64,6,4,Low,420,245.70000000000005,221.2255490195273,24.47445098047274,0.9003888848983609,11471.17755284725,2537717.5520291105,813709.0651399429,0.0,3351426.6171690533,0.0,3351426.6171690533,0.0,3351426.6171690533,7979.587183735841,6042.184647688358,1937.4025360474832,0.17885373245263794
64,6,4,Middle,420,273.0,245.80616557725253,27.19383442274747,0.9003888848983609,16387.396504067503,4028123.0984589057,2441127.195419829,0.0,6469250.293878734,0.0,6469250.293878734,0.0,6469250.293878734,15402.976890187461,9590.769282045014,5812.207608142449,0.34524090585874
64,6,4,High,200,136.50000000000003,122.90308278862629,13.596917211373736,0.9003888848983609,25400.46458130463,3121795.4013056527,3874805.072094966,0.0,6996600.473400619,0.0,6996600.473400619,0.0,6996600.473400619,34983.00236700309,15608.977006528263,19374.025360474832,0.3733837115027223
64,6,4,Top 1%,10,6.5,5.852527751839346,0.6474722481606543,0.9003888848983609,40968.49126016876,239769.23205112535,1162441.52162849,0.0,1402210.7536796152,0.0,1402210.7536796152,0.0,1402210.7536796152,140221.07536796152,23976.923205112536,116244.152162849,0.07483100650214096
64,6,4,Top 0.1%,1,0.5850000000000001,0.5267274976655412,0.05827250233445891,0.9003888848983609,65549.58601627,34526.76941536205,484350.6340118708,0.0,518877.4034272328,0.0,518877.4034272328,0.0,518877.4034272328,518877.4034272328,34526.76941536205,484350.6340118708,0.027690643683758925
65,6,5,Low,420,245.70000000000005,221.340612614377,24.35938738562305,0.9008571941977084,11415.292581893353,2526667.853248628,817353.1857071302,0.0,3344021.0389557583,0.0,3344021.0389557583,0.0,3344021.0389557583,7961.9548546565675,6015.875841068161,1946.0790135884054,0.1784973089248044
65,6,5,Middle,420,273.0,245.93401401597438,27.065985984025616,0.9008571941977084,16307.56083127622,4010583.8940454405,2452059.5571213905,0.0,6462643.451166831,0.0,6462643.451166831,0.0,6462643.451166831,15387.246312301979,9549.009271536763,5838.237040765215,0.3449632795773363
65,6,5,High,200,136.50000000000003,122.96700700798722,13.532992992012808,0.9008571941977084,25276.719288478143,3108202.5178852174,3892158.027176811,0.0,7000360.545062028,0.0,7000360.545062028,0.0,7000360.545062028,35001.80272531014,15541.012589426087,19460.790135884054,0.37366556736351936
65,6,5,Top 1%,10,6.5,5.855571762285105,0.6444282377148953,0.9008571941977084,40768.90207819055,238725.2317884191,1167647.4081530431,0.0,1406372.6399414623,0.0,1406372.6399414623,0.0,1406372.6399414623,140637.26399414623,23872.52317884191,116764.7408153043,0.07506942350261483
65,6,5,Top 0.1%,1,0.5850000000000001,0.5270014586056595,0.057998541394340575,0.9008571941977084,65230.24332510488,34376.433377532354,486519.75339710136,0.0,520896.1867746337,0.0,520896.1867746337,0.0,520896.1867746337,520896.1867746337,34376.433377532354,486519.75339710136,0.027804420631725134
66,6,6,Low,420,245.70000000000005,221.43977668280007,24.260223317199973,0.9012607923597885,11357.94901795647,2515101.694110909,821550.2594591577,0.0,3336651.953570067,0.0,3336651.953570067,0.0,3336651.953570067,7944.409413262064,5988.337366930736,1956.0720463313278,0.1781052456871407
66,6,6,Middle,420,273.0,246.04419631422226,26.955803685777738,0.9012607923597885,16225.641454223527,3992224.9112871564,2464650.778377473,0.0,6456875.689664629,0.0,6456875.689664629,0.0,6456875.689664629,15373.513546820546,9505.297407826563,5868.216138993983,0.34465789272644787
66,6,6,High,200,136.50000000000003,123.02209815711116,13.477901842888869,0.9012607923597885,25149.74425404647,3093974.3062475473,3912144.0926626553,0.0,7006118.398910202,0.0,7006118.398910202,0.0,7006118.398910202,35030.59199455101,15469.871531237737,19560.720463313275,0.3739756067203774
66,6,6,Top 1%,10,6.5,5.858195150338625,0.6418048496613746,0.9012607923597885,40564.103635558815,237632.43519566406,1173643.2277987967,0.0,1411275.6629944607,0.0,1411275.6629944607,0.0,1411275.6629944607,141127.56629944607,23763.243519566407,117364.32277987967,0.0753316804352254
66,6,6,Top 0.1%,1,0.5850000000000001,0.5272375635304763,0.057762436469523726,0.9012607923597885,64902.5658168941,34219.07066817563,489018.0115828319,0.0,523237.08225100755,0.0,523237.08225100755,0.0,523237.08225100755,523237.08225100755,34219.07066817563,489018.0115828319,0.027929574430808672
67,6,7,Low,420,245.70000000000005,221.54909003007697,24.150909969923077,0.9017056981281112,11303.293914955586,2504234.481200916,825643.718546667,0.0,3329878.1997475834,0.0,3329878.1997475834,0.0,3329878.1997475834,7928.281427970436,5962.463050478372,1965.8183774920644,0.1777295272500549
67,6,7,Middle,420,273.0,246.16565558897435,26.834344411025654,0.9017056981281112,16147.562735650836,3974975.36698558,2476931.1556400005,0.0,6451906.52262558,0.0,6451906.52262558,0.0,6451906.52262558,15361.682196727572,9464.227064251381,5897.4551324761915,0.344365237207389
67,6,7,High,200,136.50000000000003,123.0828277944872,13.417172205512827,0.9017056981281112,25028.722240258794,3080605.9094138253,3931636.7549841283,0.0,7012242.664397953,0.0,7012242.664397953,0.0,7012242.664397953,35061.213321989766,15403.029547069127,19658.183774920642,0.3742727207861795
67,6,7,Top 1%,10,6.5,5.861087037832723,0.6389129621672769,0.9017056981281112,40368.90683912709,236605.67660628457,1179491.0264952383,0.0,1416096.7031015228,0.0,1416096.7031015228,0.0,1416096.7031015228,141609.6703101523,23660.567660628458,117949.10264952383,0.07558300408755893
67,6,7,Top 0.1%,1,0.5850000000000001,0.5274978334049452,0.057502166595054915,0.9017056981281112,64590.25094260335,34071.21743130498,491454.59437301604,0.0,525525.811804321,0.0,525525.811804321,0.0,525525.811804321,525525.811804321,34071.21743130498,491454.59437301604,0.028049510668817692
68,6,8,Low,420,245.70000000000005,221.65774135010616,24.04225864989388,0.9021479094428414,11248.439309084568,2493303.650965434,829006.8594533184,0.0,3322310.510418752,0.0,3322310.510418752,0.0,3322310.510418752,7910.2631200446485,5936.437264203414,1973.8258558412342,0.17738843383716724
68,6,8,Middle,420,273.0,246.2863792778957,26.71362072210431,0.9021479094428414,16069.199012977955,3957624.842802276,2487020.5783599555,0.0,6444645.421162231,0.0,6444645.421162231,0.0,6444645.421162231,15344.393859910073,9422.916292386371,5921.477567523703,0.344099551896414
68,6,8,High,200,136.50000000000003,123.14318963894787,13.356810361052155,0.9021479094428414,24907.258470115834,3067159.253171765,3947651.7116824687,0.0,7014810.964854233,0.0,7014810.964854233,0.0,7014810.964854233,35074.05482427117,15335.796265858824,19738.258558412344,0.3745424537583153
68,6,8,Top 1%,10,6.5,5.863961411378469,0.6360385886215312,0.9021479094428414,40172.99753244489,235572.9073096593,1184295.5135047408,0.0,1419868.4208144,0.0,1419868.4208144,0.0,1419868.4208144,141986.84208144,23557.290730965928,118429.55135047408,0.07581116654607105
68,6,8,Top 0.1%,1,0.5850000000000001,0.5277565270240623,0.05724347297593779,0.9021479094428414,64276.79605191182,33922.49865259094,493456.4639603086,0.0,527378.9626128995,0.0,527378.9626128995,0.0,527378.9626128995,527378.9626128995,33922.49865259094,493456.4639603086,0.028158393962032412
69,6,9,Low,420,245.70000000000005,221.74795122888682,23.952048771113226,0.9025150640166332,11192.165294244674,2481839.7238138076,831785.7084684621,0.0,3313625.43228227,0.0,3313625.43228227,0.0,3313625.43228227,7889.584362576833,5909.142199556684,1980.442163020148,0.17706680951687442
69,6,9,Middle,420,273.0,246.38661247654085,26.613387523459153,0.9025150640166332,15988.807563206681,3939428.1330377897,2495357.125405386,0.0,6434785.258443176,0.0,6434785.258443176,0.0,6434785.258443176,15320.917282007562,9379.590792947118,5941.326489060443,0.3438490314984072
69,6,9,High,200,136.50000000000003,123.19330623827045,13.306693761729576,0.9025150640166332,24782.651722970353,3053056.8031042875,3960884.326040296,0.0,7013941.129144583,0.0,7013941.129144583,0.0,7013941.129144583,35069.70564572291,15265.284015521438,19804.42163020148,0.3747967907831476
69,6,9,Top 1%,10,6.5,5.866347916108116,0.6336520838918842,0.9025150640166332,39972.0189080167,234489.76982367795,1188265.2978120886,0.0,1422755.0676357667,0.0,1422755.0676357667,0.0,1422755.0676357667,142275.50676357668,23448.976982367796,118826.52978120887,0.07602630583889426
69,6,9,Top 0.1%,1,0.5850000000000001,0.5279713124497305,0.057028687550269574,0.9025150640166332,63955.230252826725,33766.526854609634,495110.540755037,0.0,528877.0676096466,0.0,528877.0676096466,0.0,528877.0676096466,528877.0676096466,33766.526854609634,495110.540755037,0.02826106236267659
70,6,10,Low,420,245.70000000000005,221.81616424809673,23.88383575190332,0.9027926912824448,11134.125178696539,2469728.9393966207,835482.9294662505,0.0,3305211.868862871,0.0,3305211.868862871,0.0,3305211.868862871,7869.552068721122,5880.306998563383,1989.2450701577393,0.1766895856119734
70,6,10,Middle,420,273.0,246.46240472010743,26.53759527989257,0.9027926912824448,15905.893112423628,3920204.6657089214,2506448.788398751,0.0,6426653.454107672,0.0,6426653.454107672,0.0,6426653.454107672,15301.555843113505,9333.820632640289,5967.735210473217,0.3435552033366952
70,6,10,High,200,136.50000000000003,123.23120236005374,13.268797639946285,0.9027926912824448,24654.13432425662,3038158.6159244147,3978490.1403154787,0.0,7016648.756239893,0.0,7016648.756239893,0.0,7016648.756239893,35083.24378119947,15190.793079622073,19892.450701577392,0.3750950953565729
70,6,10,Top 1%,10,6.5,5.868152493335891,0.6318475066641094,0.9027926912824448,39764.732781059065,233345.5158160072,1193547.0420946435,0.0,1426892.5579106507,0.0,1426892.5579106507,0.0,1426892.5579106507,142689.25579106508,23334.551581600717,119354.70420946434,0.07627863652104706
70,6,10,Top 0.1%,1,0.5850000000000001,0.5281337244002302,0.05686627559976987,0.9027926912824448,63623.57244969451,33601.75427750504,497311.26753943483,0.0,530913.0218169398,0.0,530913.0218169398,0.0,530913.0218169398,530913.0218169398,33601.75427750504,497311.26753943483,0.028381479173711515
71,6,11,Low,420,245.70000000000005,221.89731669370627,23.802683306293773,0.9031229820663664,11078.331501437042,2458252.033612238,840579.852062412,0.0,3298831.88567465,0.0,3298831.88567465,0.0,3298831.88567465,7854.36163255869,5852.98103241009,2001.3806001485998,0.1762550492869362
71,6,11,Middle,420,273.0,246.55257410411804,26.447425895881963,0.9031229820663664,15826.187859195776,3901987.3549400596,2521739.5561872353,0.0,6423726.911127295,0.0,6423726.911127295,0.0,6423726.911127295,15294.587883636417,9290.446083190618,6004.141800445798,0.34321673324526164
71,6,11,High,200,136.50000000000003,123.27628705205905,13.223712947940982,0.9031229820663664,24530.591181753454,3024040.200078547,4002761.200297199,0.0,7026801.400375746,0.0,7026801.400375746,0.0,7026801.400375746,35134.00700187873,15120.201000392735,20013.806001485995,0.3754387219703528
71,6,11,Top 1%,10,6.5,5.870299383431382,0.6297006165686181,0.9031229820663664,39565.469647989434,232261.15207976542,1200828.36008916,0.0,1433089.5121689255,0.0,1433089.5121689255,0.0,1433089.5121689255,143308.95121689254,23226.11520797654,120082.836008916,0.07656930433369685
71,6,11,Top 0.1%,1,0.5850000000000001,0.5283269445088244,0.05667305549117563,0.9031229820663664,63304.75143678309,33445.605899486225,500345.1500371499,0.0,533790.7559366361,0.0,533790.7559366361,0.0,533790.7559366361,533790.7559366361,33445.605899486225,500345.1500371499,0.028520191163752373
72,6,12,Low,420,245.70000000000005,222.01592583072613,23.684074169273913,0.9036057217367769,11028.70823473521,2448548.869451691,842989.443082162,0.0,3291538.3125338526,0.0,3291538.3125338526,0.0,3291538.3125338526,7836.995982223459,5829.878260599264,2007.1177216241952,0.17597913724281944
72,6,12,Middle,420,273.0,246.6843620341401,26.315637965859906,0.9036057217367769,15755.297478193157,3886585.5070661753,2528968.3292464856,0.0,6415553.836312661,0.0,6415553.836312661,0.0,6415553.836312661,15275.128181696811,9253.775016824227,6021.353164872585,0.3430018191646223
72,6,12,High,200,136.50000000000003,123.34218101707008,13.157818982929953,0.9036057217367769,24420.711091199395,3012103.767976287,4014235.4432483898,0.0,7026339.211224677,0.0,7026339.211224677,0.0,7026339.211224677,35131.69605612339,15060.518839881433,20071.177216241947,0.37565691022288356
72,6,12,Top 1%,10,6.5,5.8734371912890495,0.6265628087109505,0.9036057217367769,39388.24369548289,231344.37542060565,1204270.632974517,0.0,1435615.0083951228,0.0,1435615.0083951228,0.0,1435615.0083951228,143561.50083951227,23134.437542060565,120427.0632974517,0.07675386600489961
72,6,12,Top 0.1%,1,0.5850000000000001,0.5286093472160146,0.05639065278398547,0.9036057217367769,63021.189912772636,33313.59006056723,501779.4304060487,0.0,535093.0204666159,0.0,535093.0204666159,0.0,535093.0204666159,535093.0204666159,33313.59006056723,501779.4304060487,0.028608267364775182
73,7,1,Low,425,248.62500000000003,222.41156126309346,26.213438736906568,0.8945663600325527,10993.144674268511,2445002.4701951207,859503.1215768568,0.0,3304505.5917719775,0.0,3304505.5917719775,0.0,3304505.5917719775,7775.307274757594,5752.946988694402,2022.3602860631925,0.17683238453463346
73,7,1,Middle,425,276.25,247.1239569589927,29.126043041007307,0.8945663600325527,15704.492391812162,3880956.301897017,2578509.3647305705,0.0,6459465.666627588,0.0,6459465.666627588,0.0,6459465.666627588,15198.74274500609,9131.66188681651,6067.080858189577,0.3456622132803977
73,7,1,High,202,137.865,123.32939122588789,14.53560877411212,0.8945663600325527,24341.96320730885,3002079.5036003618,4085167.777847649,0.0,7087247.28144801,0.0,7087247.28144801,0.0,7087247.28144801,35085.382581425794,14861.77972079387,20223.602860631927,0.3792563824632587
73,7,1,Top 1%,9,5.8500000000000005,5.233213206190434,0.6167867938095668,0.8945663600325527,39261.2309795304,205462.3924533715,1092074.554474124,0.0,1297536.9469274955,0.0,1297536.9469274955,0.0,1297536.9469274955,144170.77188083285,22829.154717041278,121341.61716379155,0.06943445728107873
73,7,1,Top 0.1%,1,0.5850000000000001,0.5233213206190435,0.061678679380956614,0.8945663600325527,62817.96956724863,32873.982792539435,505590.0715157981,0.0,538464.0543083375,0.0,538464.0543083375,0.0,538464.0543083375,538464.0543083375,32873.982792539435,505590.0715157981,0.02881456244063153
74,7,2,Low,425,248.62500000000003,222.53293498168534,26.092065018314685,0.8950545398961702,10928.34200063369,2431916.019884638,864492.0104582532,0.0,3296408.0303428913,0.0,3296408.0303428913,0.0,3296408.0303428913,7756.254189042097,5722.15534090503,2034.0988481370664,0.17638265400729372
74,7,2,Middle,425,276.25,247.25881664631703,28.99118335368297,0.8950545398961702,15611.917143762414,3860184.1585470443,2593476.0313747595,0.0,6453660.189921804,0.0,6453660.189921804,0.0,6453660.189921804,15185.08279981601,9082.78625540481,6102.296544411199,0.34531942098236423
74,7,2,High,202,137.865,123.39669414278552,14.468305857214489,0.8950545398961702,24198.47157283174,2986011.395395608,4108879.673236874,0.0,7094891.068632482,0.0,7094891.068632482,0.0,7094891.068632482,35123.22311204199,14782.234630671328,20340.988481370663,0.37963010193488383
74,7,2,Top 1%,9,5.8500000000000005,5.236069058392596,0.6139309416074044,0.8950545398961702,39029.792859406036,204362.69074660822,1098413.3779940158,0.0,1302776.068740624,0.0,1302776.068740624,0.0,1302776.068740624,144752.896526736,22706.965638512025,122045.93088822399,0.06970833054236839
74,7,2,Top 0.1%,1,0.5850000000000001,0.5236069058392596,0.06139309416074046,0.8950545398961702,62447.66857504966,32698.03051945732,508524.71203426656,0.0,541222.7425537239,0.0,541222.7425537239,0.0,541222.7425537239,541222.7425537239,32698.03051945732,508524.71203426656,0.02895949253308976
75,7,3,Low,425,248.62500000000003,222.68761046159057,25.937389538409462,0.8956766634955879,10868.919308008188,2420373.669000188,866734.1273084017,0.0,3287107.7963085896,0.0,3287107.7963085896,0.0,3287107.7963085896,7734.371285431976,5694.996868235737,2039.3744171962394,0.17608635014576718
75,7,3,Middle,425,276.25,247.43067829065618,28.819321709343825,0.8956766634955879,15527.027582868839,3841862.9666669643,2600202.3819252052,0.0,6442065.34859217,0.0,6442065.34859217,0.0,6442065.34859217,15157.80082021687,9039.67756862815,6118.123251588719,0.3450935731125083
75,7,3,High,202,137.865,123.48246321281924,14.382536787180769,0.8956766634955879,24066.892753446708,2971839.199074349,4119536.3227364034,0.0,7091375.521810752,0.0,7091375.521810752,0.0,7091375.521810752,35105.81941490471,14712.075242942321,20393.744171962393,0.37987632609766253
75,7,3,Top 1%,9,5.8500000000000005,5.23970848144919,0.6102915185508104,0.8956766634955879,38817.5689571721,203392.74529413346,1101262.1852859692,0.0,1304654.9305801026,0.0,1304654.9305801026,0.0,1304654.9305801026,144961.65895334474,22599.193921570386,122362.46503177435,0.06988877127288544
75,7,3,Top 0.1%,1,0.5850000000000001,0.523970848144919,0.061029151855081065,0.8956766634955879,62108.110331475356,32542.83924706135,509843.60429905984,0.0,542386.4435461212,0.0,542386.4435461212,0.0,542386.4435461212,542386.4435461212,32542.83924706135,509843.60429905984,0.029054979371176553
76,7,4,Low,425,248.62500000000003,222.78921558016526,25.835784419834766,0.8960853316447068,10803.78296214363,2406966.3314343337,871583.5524637512,0.0,3278549.883898085,0.0,3278549.883898085,0.0,3278549.883898085,7714.2350209366705,5663.450191610197,2050.7848293264733,0.17563729281535412
76,7,4,Middle,425,276.25,247.54357286685027,28.70642713314973,0.8960853316447068,15433.97566020519,3820581.4784671967,2614750.657391254,0.0,6435332.13585845,0.0,6435332.13585845,0.0,6435332.13585845,15141.957966725766,8989.603478746345,6152.354487979421,0.3447512939366837
76,7,4,High,202,137.865,123.53880424719752,14.32619575280249,0.8960853316447068,23922.66227331804,2955377.091655255,4142585.355239476,0.0,7097962.446894731,0.0,7097962.446894731,0.0,7097962.446894731,35138.42795492441,14630.579661659678,20507.848293264735,0.38024948615251586
76,7,4,Top 1%,9,5.8500000000000005,5.242099190121535,0.6079008098784655,0.8960853316447068,38584.939150512975,202266.07827179277,1107423.8078362956,0.0,1309689.8861080883,0.0,1309689.8861080883,0.0,1309689.8861080883,145521.09845645426,22474.00869686586,123047.0897595884,0.07016223457615223
76,7,4,Top 0.1%,1,0.5850000000000001,0.5242099190121535,0.06079008098784655,0.8960853316447068,61735.90264082075,32362.57252348684,512696.20733161835,0.0,545058.7798551052,0.0,545058.7798551052,0.0,545058.7798551052,545058.7798551052,32362.57252348684,512696.20733161835,0.02919969251929389
77,7,5,Low,425,248.62500000000003,222.9293771346835,25.695622865316523,0.8966490784703207,10745.80134165455,2395554.799908095,874528.7216132772,0.0,3270083.5215213723,0.0,3270083.5215213723,0.0,3270083.5215213723,7694.314168285582,5636.599529195518,2057.714639090064,0.17530954215753203
77,7,5,Middle,425,276.25,247.6993079274261,28.550692072573895,0.8966490784703207,15351.144773792214,3802467.9363620556,2623586.1648398316,0.0,6426054.101201887,0.0,6426054.101201887,0.0,6426054.101201887,15120.127296945617,8946.983379675425,6173.143917270192,0.3445014767809719
77,7,5,High,202,137.865,123.61652520331077,14.248474796689237,0.8966490784703207,23794.274399377937,2941365.520985195,4156583.570961929,0.0,7097949.091947123,0.0,7097949.091947123,0.0,7097949.091947123,35138.361841322396,14561.215450421758,20577.146390900638,0.3805218421417582
77,7,5,Top 1%,9,5.8500000000000005,5.2453971090513765,0.6046028909486241,0.8966490784703207,38377.86193448054,201307.12604269708,1111165.9051086344,0.0,1312473.0311513315,0.0,1312473.0311513315,0.0,1312473.0311513315,145830.33679459238,22367.458449188565,123462.87834540382,0.07036182552248747
77,7,5,Top 0.1%,1,0.5850000000000001,0.5245397109051377,0.06046028909486234,0.8966490784703207,61404.57909516887,32209.14016683154,514428.65977251594,0.0,546637.7999393474,0.0,546637.7999393474,0.0,546637.7999393474,546637.7999393474,32209.14016683154,514428.65977251594,0.029305313397250263
78,7,6,Low,425,248.62500000000003,223.0395786830852,25.585421316914818,0.8970923225061245,10685.513704871355,2383292.47474684,878044.6847174532,0.0,3261337.159464293,0.0,3261337.159464293,0.0,3261337.159464293,7673.73449285716,5607.7469994043295,2065.987493452831,0.17494069286237396
78,7,6,Middle,425,276.25,247.8217540923169,28.428245907683106,0.8970923225061245,15265.019578387653,3783003.928169588,2634134.0541523597,0.0,6417137.982321948,0.0,6417137.982321948,0.0,6417137.982321948,15099.1481936987,8901.185713340208,6197.962480358494,0.34422033354112314
78,7,6,High,202,137.865,123.67763304230687,14.187366957693143,0.8970923225061245,23660.780346500866,2926309.3091891604,4173294.736774719,0.0,7099604.04596388,0.0,7099604.04596388,0.0,7099604.04596388,35146.5546829895,14486.67974846119,20659.87493452831,0.38082835049579694
78,7,6,Top 1%,9,5.8500000000000005,5.2479900866608284,0.6020099133391721,0.8970923225061245,38162.54894596913,200276.67855015464,1115633.2464645288,0.0,1315909.9250146835,0.0,1315909.9250146835,0.0,1315909.9250146835,146212.2138905204,22252.964283350517,123959.24960716987,0.07058644438478018
78,7,6,Top 0.1%,1,0.5850000000000001,0.5247990086660829,0.06020099133391721,0.8970923225061245,61060.078313550606,32044.268568024745,516496.8733632078,0.0,548541.1419312325,0.0,548541.1419312325,0.0,548541.1419312325,548541.1419312325,32044.268568024745,516496.8733632078,0.029424178715925946
79,7,7,Low,425,248.62500000000003,223.14790087061894,25.477099129381088,0.8975280075238569,10626.511215453398,2371283.671306515,881337.1272442399,0.0,3252620.798550755,0.0,3252620.798550755,0.0,3252620.798550755,7653.225408354717,5579.490991309447,2073.73441704527,0.1745859625385652
79,7,7,Middle,425,276.25,247.94211207846547,28.30788792153453,0.8975280075238569,15180.730307790569,3763942.3354071667,2644011.3817327195,0.0,6407953.717139887,0.0,6407953.717139887,0.0,6407953.717139887,15077.538157976203,8856.334906840393,6221.20325113581,0.34394995202266176
79,7,7,High,202,137.865,123.73769875727653,14.127301242723476,0.8975280075238569,23530.13197707538,2911564.382298313,4188943.5224314467,0.0,7100507.904729759,0.0,7100507.904729759,0.0,7100507.904729759,35151.029231335444,14413.685060882737,20737.344170452707,0.38112312619173955
79,7,7,Top 1%,9,5.8500000000000005,5.250538844014563,0.5994611559854377,0.8975280075238569,37951.82576947642,199267.5354039088,1119816.585204446,0.0,1319084.120608355,0.0,1319084.120608355,0.0,1319084.120608355,146564.90228981723,22140.83726710098,124424.06502271623,0.07080246519002664
79,7,7,Top 0.1%,1,0.5850000000000001,0.5250538844014563,0.05994611559854379,0.8975280075238569,60722.92123116227,31882.805664625408,518433.60426131764,0.0,550316.409925943,0.0,550316.409925943,0.0,550316.409925943,550316.409925943,31882.805664625408,518433.60426131764,0.029538494057006863
80,7,8,Low,425,248.62500000000003,223.25333412210952,25.371665877890507,0.8979520728893293,10568.05041382257,2359352.490056428,884653.3261468447,0.0,3244005.816203273,0.0,3244005.816203273,0.0,3244005.816203273,7632.95486165476,5551.417623662184,2081.5372379925757,0.174231017012483
80,7,8,Middle,425,276.25,248.05926013567722,28.19073986432278,0.8979520728893293,15097.21487688939,3745003.952470521,2653959.978440534,0.0,6398963.930911055,0.0,6398963.930911055,0.0,6398963.930911055,15056.385719790716,8811.774005812991,6244.611713977727,0.3436794064733478
80,7,8,High,202,137.865,123.7961625288874,14.068837471112616,0.8979520728893293,23400.68305917855,2896914.7632810497,4204705.220745003,0.0,7101619.984026052,0.0,7101619.984026052,0.0,7101619.984026052,35156.534574386395,14341.162194460641,20815.372379925757,0.3814180807176149
80,7,8,Top 1%,9,5.8500000000000005,5.253019626402577,0.5969803735974235,0.8979520728893293,37743.03719222346,198264.91513079227,1124030.108515991,0.0,1322295.023646783,0.0,1322295.023646783,0.0,1322295.023646783,146921.669294087,22029.435014532475,124892.23427955454,0.0710186170474141
80,7,8,Top 0.1%,1,0.5850000000000001,0.5253019626402577,0.05969803735974233,0.8979520728893293,60388.85950755754,31722.386420926767,520384.30949814385,0.0,552106.6959190706,0.0,552106.6959190706,0.0,552106.6959190706,552106.6959190706,31722.386420926767,520384.30949814385,0.02965287874914024
81,7,9,Low,425,248.62500000000003,223.35501191474435,25.269988085255676,0.8983610333423603,10510.527421542172,2347578.9774687993,887356.9868023571,0.0,3234935.9642711566,0.0,3234935.9642711566,0.0,3234935.9642711566,7611.6140335791915,5523.715241103057,2087.8987924761345,0.17390617224480098
81,7,9,Middle,425,276.25,248.17223546082704,28.07776453917296,0.8983610333423603,15015.039173631676,3726315.8372520623,2662070.9604070717,0.0,6388386.7976591345,0.0,6388386.7976591345,0.0,6388386.7976591345,15031.498347433258,8767.801970004852,6263.696377428404,0.3434318042367896
81,7,9,High,202,137.865,123.85254386174451,14.012456138255502,0.8983610333423603,23273.3107191291,2882458.736648945,4217555.560801792,0.0,7100014.297450737,0.0,7100014.297450737,0.0,7100014.297450737,35148.585630944246,14269.597706182896,20878.987924761346,0.3816880219547741
81,7,9,Top 1%,9,5.8500000000000005,5.255412045052808,0.5945879549471922,0.8983610333423603,37537.59793407918,197275.54432510916,1127465.3479371124,0.0,1324740.8922622215,0.0,1324740.8922622215,0.0,1324740.8922622215,147193.43247358018,21919.50492501213,125273.92754856806,0.07121643838826061
81,7,9,Top 0.1%,1,0.5850000000000001,0.5255412045052809,0.05945879549471922,0.8983610333423603,60060.15669452671,31564.087092017475,521974.6981190336,0.0,553538.7852110511,0.0,553538.7852110511,0.0,553538.7852110511,553538.7852110511,31564.087092017475,521974.6981190336,0.029757563175374802
82,7,10,Low,425,248.62500000000003,223.43500289551875,25.18999710448128,0.898682766799472,10451.691572084994,2335273.7366718794,890565.8988287951,0.0,3225839.6355006746,0.0,3225839.6355006746,0.0,3225839.6355006746,7590.210907060411,5494.761733345598,2095.449173714812,0.17354865435213437
82,7,10,Middle,425,276.25,248.26111432835415,27.988885671645846,0.898682766799472,14930.98796012142,3706783.7090029833,2671697.6964863855,0.0,6378481.405489368,0.0,6378481.405489368,0.0,6378481.405489368,15008.191542327926,8721.84402118349,6286.3475211444365,0.3431592979856792
82,7,10,High,202,137.865,123.89689964480921,13.9681003551908,0.898682766799472,23143.031338188197,2867349.8311841777,4232807.33090392,0.0,7100157.162088098,0.0,7100157.162088098,0.0,7100157.162088098,35149.29288162425,14194.801144476127,20954.49173714812,0.3819851140795498
82,7,10,Top 1%,9,5.8500000000000005,5.257294185776912,0.5927058142230885,0.898682766799472,37327.46990030356,196241.49047662856,1131542.5538059985,0.0,1327784.044282627,0.0,1327784.044282627,0.0,1327784.044282627,147531.56047584745,21804.610052958727,125726.95042288872,0.07143415674465772
82,7,10,Top 0.1%,1,0.5850000000000001,0.5257294185776912,0.0592705814223089,0.898682766799472,59723.95184048568,31398.638476260563,523862.293428703,0.0,555260.9319049636,0.0,555260.9319049636,0.0,555260.9319049636,555260.9319049636,31398.638476260563,523862.293428703,0.029872776837978805
83,7,11,Low,425,248.62500000000003,223.52386624179286,25.10113375820717,0.899040185990117,10395.094903650528,2323551.8028143235,894052.7831809444,0.0,3217604.585995268,0.0,3217604.585995268,0.0,3217604.585995268,7570.834319988866,5467.180712504291,2103.653607484575,0.17318817926851926
83,7,11,Middle,425,276.25,248.35985137976982,27.89014862023018,0.899040185990117,14850.135576643614,3688177.4647846404,2682158.3495428334,0.0,6370335.814327474,0.0,6370335.814327474,0.0,6370335.814327474,14989.025445476409,8678.064623022683,6310.960822453726,0.3428845377130618
83,7,11,High,202,137.865,123.9461752415275,13.91882475847251,0.899040185990117,23017.710143797605,2852957.135141823,4249380.287118842,0.0,7102337.422260664,0.0,7102337.422260664,0.0,7102337.422260664,35160.08624881517,14123.550173969421,21036.536074845753,0.3822846635866281
83,7,11,Top 1%,9,5.8500000000000005,5.259385088042185,0.5906149119578155,0.899040185990117,37125.338941609036,195256.4540180104,1135972.9480416705,0.0,1331229.4020596808,0.0,1331229.4020596808,0.0,1331229.4020596808,147914.3780066312,21695.161557556712,126219.2164490745,0.07165367594729515
83,7,11,Top 0.1%,1,0.5850000000000001,0.5259385088042186,0.059061491195781524,0.899040185990117,59400.542306574454,31241.032642881666,525913.4018711437,0.0,557154.4345140253,0.0,557154.4345140253,0.0,557154.4345140253,557154.4345140253,31241.032642881666,525913.4018711437,0.029988943484495458
84,7,12,Low,425,248.62500000000003,223.6151071673488,25.009892832651218,0.8994071680939116,10339.19292875061,2311999.7347864625,896424.1024328341,0.0,3208423.8372192965,0.0,3208423.8372192965,0.0,3208423.8372192965,7549.23255816305,5439.999375968147,2109.2331821949037,0.17288045599815824
84,7,12,Middle,425,276.25,248.4612301859431,27.788769814056906,0.8994071680939116,14770.275612500873,3669840.848867401,2689272.3072985024,0.0,6359113.156165903,0.0,6359113.156165903,0.0,6359113.156165903,14962.619190978596,8634.919644393885,6327.699546584711,0.34264998577452804
84,7,12,High,202,137.865,123.99676922926713,13.868230770732879,0.8994071680939116,22893.927199376354,2838773.007692712,4260651.028033705,0.0,7099424.035726417,0.0,7099424.035726417,0.0,7099424.035726417,35145.663543200084,14053.331721251048,21092.331821949036,0.38254037711064975
84,7,12,Top 1%,9,5.8500000000000005,5.261531933349383,0.5884680666506172,0.8994071680939116,36925.68903125218,194285.6919988624,1138985.918385248,0.0,1333271.6103841104,0.0,1333271.6103841104,0.0,1333271.6103841104,148141.29004267894,21587.29911098471,126553.99093169422,0.07184107077709923
84,7,12,Top 0.1%,1,0.5850000000000001,0.5261531933349384,0.0588468066650617,0.8994071680939116,59081.1024500035,31085.71071981799,527308.295548726,0.0,558394.006268544,0.0,558394.006268544,0.0,558394.006268544,558394.006268544,31085.71071981799,527308.295548726,0.03008811033956487
85,8,1,Low,429,250.96500000000003,223.68277731376827,27.282222686231762,0.8912907270486651,10281.328581797223,2299756.131651829,900563.1189494639,0.0,3200319.250601293,0.0,3200319.250601293,0.0,3200319.250601293,7459.951633103247,5360.736903617317,2099.21472948593,0.17261338330285494
85,8,1,Middle,429,278.85,248.53641923752028,30.313580762479745,0.8912907270486651,14687.61225971032,3650406.5581775066,2701689.3568483912,0.0,6352095.915025897,0.0,6352095.915025897,0.0,6352095.915025897,14806.750384675752,8509.106196217965,6297.644188457788,0.3426085590526183
85,8,1,High,204,139.23000000000002,124.09440792698565,15.135592073014365,0.8912907270486651,22765.799002550997,2825108.3482063264,4282398.048151297,0.0,7107506.396357623,0.0,7107506.396357623,0.0,7107506.396357623,34840.71762920403,13848.570334344737,20992.147294859296,0.3833526063662131
85,8,1,Top 1%,9,5.8500000000000005,5.214050753234691,0.6359492467653096,0.8912907270486651,36719.030649275795,191454.88941490417,1133575.953922402,0.0,1325030.8433373063,0.0,1325030.8433373063,0.0,1325030.8433373063,147225.6492597007,21272.76549054491,125952.88376915579,0.07146726277577302
85,8,1,Top 0.1%,1,0.5850000000000001,0.5214050753234691,0.06359492467653094,0.8912907270486651,58750.44903884128,30632.782306384674,524803.6823714824,0.0,555436.464677867,0.0,555436.464677867,0.0,555436.464677867,555436.464677867,30632.782306384674,524803.6823714824,0.029958188502540693
86,8,2,Low,429,250.96500000000003,223.82273775731684,27.142262242683188,0.8918484161429554,10218.068432841841,2287036.051230277,904066.0848556424,0.0,3191102.136085919,0.0,3191102.136085919,0.0,3191102.136085919,7438.466517682795,5331.0863665041425,2107.3801511786537,0.17223371282977182
86,8,2,Middle,429,278.85,248.69193084146315,30.158069158536875,0.8918484161429554,14597.240618345486,3630215.9543337724,2712198.2545669265,0.0,6342414.208900699,0.0,6342414.208900699,0.0,6342414.208900699,14784.182305129836,8462.041851593875,6322.140453535959,0.3423198321201762
86,8,2,High,204,139.23000000000002,124.17205497958369,15.057945020416327,0.8918484161429554,22625.72295843551,2809482.5151476827,4299055.508404453,0.0,7108538.0235521365,0.0,7108538.0235521365,0.0,7108538.0235521365,34845.77462525557,13771.973113469034,21073.801511786536,0.3836699185347002
86,8,2,Top 1%,9,5.8500000000000005,5.21731323443629,0.6326867655637107,0.8918484161429554,36493.10154586371,190395.94166086218,1137985.2816364728,0.0,1328381.223297335,0.0,1328381.223297335,0.0,1328381.223297335,147597.91369970387,21155.104628984685,126442.8090707192,0.07169686847519131
86,8,2,Top 0.1%,1,0.5850000000000001,0.5217313234436289,0.06326867655637114,0.8918484161429554,58388.962473381944,30463.350665737948,526845.0377946633,0.0,557308.3884604013,0.0,557308.3884604013,0.0,557308.3884604013,557308.3884604013,30463.350665737948,526845.0377946633,0.030079668040160552
87,8,3,Low,429,250.96500000000003,223.95172868815632,27.01327131184371,0.8923623959044341,10153.28922841031,2273846.674573326,907580.2058611022,0.0,3181426.8804344283,0.0,3181426.8804344283,0.0,3181426.8804344283,7415.913474206127,5300.341898772322,2115.571575433805,0.17184472326994543
87,8,3,Middle,429,278.85,248.83525409795146,30.01474590204856,0.8923623959044341,14504.698897729017,3609280.4358306765,2722740.617583306,0.0,6332021.0534139825,0.0,6332021.0534139825,0.0,6332021.0534139825,14759.955835463828,8413.241109162416,6346.714726301413,0.3420240183281564
87,8,3,High,204,139.23000000000002,124.24361638177437,14.986383618225645,0.8923623959044341,22482.28329147998,2793280.180653014,4315766.013884961,0.0,7109046.194537975,0.0,7109046.194537975,0.0,7109046.194537975,34848.26565949988,13692.549905161834,21155.71575433804,0.3839950191930291
87,8,3,Top 1%,9,5.8500000000000005,5.22032001604094,0.6296799839590603,0.8923623959044341,36261.74724432254,189297.92495615437,1142408.6507342544,0.0,1331706.5756904087,0.0,1331706.5756904087,0.0,1331706.5756904087,147967.3972989343,21033.10277290604,126934.29452602827,0.07193210989184688
87,8,3,Top 0.1%,1,0.5850000000000001,0.522032001604094,0.06296799839590606,0.8923623959044341,58018.795590916074,30287.6679929847,528892.8938584512,0.0,559180.5618514358,0.0,559180.5618514358,0.0,559180.5618514358,559180.5618514358,30287.6679929847,528892.8938584512,0.030204129317022387
88,8,4,Low,429,250.96500000000003,224.0951465144971,26.869853485502944,0.892933861353165,10092.098799105484,2261590.3590243235,911311.8288929716,0.0,3172902.187917295,0.0,3172902.187917295,0.0,3172902.187917295,7396.042396077611,5271.772398658097,2124.2699974195143,0.17146212820180579
88,8,4,Middle,429,278.85,248.99460723833008,29.855392761669947,0.892933861353165,14417.283998722121,3589825.9667052757,2733935.4866789146,0.0,6323761.453384191,0.0,6323761.453384191,0.0,6323761.453384191,14740.702688541238,8367.892696282694,6372.8099922585425,0.3417330673371709
88,8,4,High,204,139.23000000000002,124.32318151620117,14.906818483798844,0.892933861353165,22346.79019801929,2778224.0540928175,4333510.794735809,0.0,7111734.848828627,0.0,7111734.848828627,0.0,7111734.848828627,34861.44533739523,13618.745363200085,21242.69997419514,0.38431477561163596
88,8,4,Top 1%,9,5.8500000000000005,5.223663088916016,0.6263369110839845,0.892933861353165,36043.2099968053,188277.58566636062,1147105.7986065375,0.0,1335383.384272898,0.0,1335383.384272898,0.0,1335383.384272898,148375.93158587755,20919.731740706735,127456.19984517084,0.07216348423997784
88,8,4,Top 0.1%,1,0.5850000000000001,0.5223663088916016,0.06263369110839845,0.892933861353165,57669.135994888486,30124.4137066177,531067.4993548784,0.0,561191.9130614961,0.0,561191.9130614961,0.0,561191.9130614961,561191.9130614961,30124.4137066177,531067.4993548784,0.030326544609409513
89,8,5,Low,429,250.96500000000003,224.2414435710056,26.723556428994442,0.8935167994381908,10033.023205354622,2249819.606950118,916243.1876745595,0.0,3166062.794624678,0.0,3166062.794624678,0.0,3166062.794624678,7380.099754369879,5244.334748135474,2135.7650062344046,0.171035175494173
89,8,5,Middle,429,278.85,249.15715952333954,29.69284047666048,0.8935167994381908,14332.89029336375,3571142.2332541565,2748729.563023678,0.0,6319871.796277834,0.0,6319871.796277834,0.0,6319871.796277834,14731.63588875952,8324.340870056309,6407.295018703212,0.34140838381734995
89,8,5,High,204,139.23000000000002,124.40434398577933,14.825656014220684,0.8935167994381908,22215.979954713814,2763764.4122673958,4356960.6127181845,0.0,7120725.02498558,0.0,7120725.02498558,0.0,7120725.02498558,34905.51482836068,13547.864766016646,21357.65006234404,0.38467160422777835
89,8,5,Top 1%,9,5.8500000000000005,5.2270732767134165,0.622926723286584,0.8935167994381908,35832.225733409374,187297.66957626696,1153313.1033665782,0.0,1340610.7729428452,0.0,1340610.7729428452,0.0,1340610.7729428452,148956.75254920503,20810.85217514077,128145.90037406425,0.07242168386835167
89,8,5,Top 0.1%,1,0.5850000000000001,0.5227073276713418,0.062292672328658316,0.8935167994381908,57331.561173455,29967.627132202717,533941.251558601,0.0,563908.8786908038,0.0,563908.8786908038,0.0,563908.8786908038,563908.8786908038,29967.627132202717,533941.251558601,0.030463152592346932
90,8,6,Low,429,250.96500000000003,224.40238049899554,26.56261950100449,0.8941580718386847,9976.614338962589,2238776.006983618,920324.0721164653,0.0,3159100.079100083,0.0,3159100.079100083,0.0,3159100.079100083,7363.869648251942,5218.592090870904,2145.277557381038,0.17065868879261067
90,8,6,Middle,429,278.85,249.33597833221725,29.51402166778277,0.8941580718386847,14252.306198517983,3553612.709497805,2760972.2163493955,0.0,6314584.925847201,0.0,6314584.925847201,0.0,6314584.925847201,14719.312181462006,8283.479509318893,6435.832672143113,0.34112207803864497
90,8,6,High,204,139.23000000000002,124.49362834210008,14.736371657899937,0.8941580718386847,22091.074607702874,2750198.031888966,4376366.2170573175,0.0,7126564.248946283,0.0,7126564.248946283,0.0,7126564.248946283,34934.13847522688,13481.3629014165,21452.77557381038,0.3849862555376608
90,8,6,Top 1%,9,5.8500000000000005,5.230824720256305,0.6191752797436951,0.8941580718386847,35630.76549629496,186378.2889596751,1158449.8809857604,0.0,1344828.1699454354,0.0,1344828.1699454354,0.0,1344828.1699454354,149425.3522161595,20708.698773297234,128716.65344286227,0.07264936418210359
90,8,6,Top 0.1%,1,0.5850000000000001,0.5230824720256306,0.061917527974369446,0.8941580718386847,57009.22479407193,29820.52623354802,536319.3893452594,0.0,566139.9155788075,0.0,566139.9155788075,0.0,566139.9155788075,566139.9155788075,29820.52623354802,536319.3893452594,0.030583613448979845
91,8,7,Low,429,250.96500000000003,224.56461406471448,26.400385935285556,0.8948045108469884,9922.201062524246,2228175.252278257,923217.181266562,0.0,3151392.4335448192,0.0,3151392.4335448192,0.0,3151392.4335448192,7345.9031084960825,5193.881706942324,2152.0214015537576,0.1703418408313729
91,8,7,Middle,429,278.85,249.51623784968274,29.333762150317284,0.8948045108469884,14174.572946463208,3536786.114727392,2769651.5437996853,0.0,6306437.658527077,0.0,6306437.658527077,0.0,6306437.658527077,14700.3208823475,8244.256677686228,6456.064204661271,0.3408811255643695
91,8,7,High,204,139.23000000000002,124.58363204522621,14.646367954773808,0.8948045108469884,21970.58806701797,2737175.6595586045,4390123.659169665,0.0,7127299.318728269,0.0,7127299.318728269,0.0,7127299.318728269,34937.74175847191,13417.527742934335,21520.21401553757,0.38525106336652526
91,8,7,Top 1%,9,5.8500000000000005,5.234606388454883,0.6153936115451177,0.8948045108469884,35436.43236615801,185495.77524794012,1162091.5568390288,0.0,1347587.332086969,0.0,1347587.332086969,0.0,1347587.332086969,149731.925787441,20610.64169421557,129121.28409322543,0.07284097797065688
91,8,7,Top 0.1%,1,0.5850000000000001,0.5234606388454883,0.06153936115451175,0.8948045108469884,56698.29178585283,29679.324039670424,538005.3503884394,0.0,567684.6744281098,0.0,567684.6744281098,0.0,567684.6744281098,567684.6744281098,29679.324039670424,538005.3503884394,0.03068499226707544
92,8,8,Low,429,250.96500000000003,224.69715147764157,26.267848522358463,0.895332621989686,9865.611989666299,2216774.911661685,925975.0362073719,0.0,3142749.947869057,0.0,3142749.947869057,0.0,3142749.947869057,7325.757454240225,5167.307486390874,2158.4499678493517,0.17001600568505212
92,8,8,Middle,429,278.85,249.66350164182396,29.186498358176067,0.895332621989686,14093.731413809,3518690.3359709294,2777925.108622115,0.0,6296615.444593044,0.0,6296615.444593044,0.0,6296615.444593044,14677.425278771665,8202.075375223612,6475.349903548054,0.34063333863083456
92,8,8,High,204,139.23000000000002,124.657160959624,14.572839040376024,0.895332621989686,21845.283691403954,2723171.0453279917,4403237.934412677,0.0,7126408.979740668,0.0,7126408.979740668,0.0,7126408.979740668,34933.377351669944,13348.87767317643,21584.499678493514,0.38552338229617167
92,8,8,Top 1%,9,5.8500000000000005,5.237695838639664,0.6123041613603366,0.895332621989686,35234.3285345225,184546.69594253128,1165562.9826386496,0.0,1350109.678581181,0.0,1350109.678581181,0.0,1350109.678581181,150012.1865090201,20505.18843805903,129506.99807096107,0.07303802675893507
92,8,8,Top 0.1%,1,0.5850000000000001,0.5237695838639663,0.06123041613603375,0.895332621989686,56374.925655235995,29527.471350804997,539612.4919623379,0.0,569139.9633131429,0.0,569139.9633131429,0.0,569139.9633131429,569139.9633131429,29527.471350804997,539612.4919623379,0.030789246629006485
93,8,9,Low,429,250.96500000000003,224.81409391880806,26.150906081191977,0.8957985931058435,9808.484598106897,2205085.5776399863,928176.3267543874,0.0,3133261.9043943738,0.0,3133261.9043943738,0.0,3133261.9043943738,7303.640802784088,5140.059621538429,2163.581181245658,0.16970842749790027
93,8,9,Middle,429,278.85,249.79343768756448,29.056562312435545,0.8957985931058435,14012.120854438424,3500135.8375237873,2784528.9802631615,0.0,6284664.817786949,0.0,6284664.817786949,0.0,6284664.817786949,14649.568339829717,8158.824796092745,6490.743543736973,0.34039943551547946
93,8,9,High,204,139.23000000000002,124.7220381181266,14.507961881873413,0.8957985931058435,21718.787324379555,2708811.420550752,4413705.609741143,0.0,7122517.030291894,0.0,7122517.030291894,0.0,7122517.030291894,34914.299168097525,13278.48735564094,21635.811812456584,0.38578044284858165
93,8,9,Top 1%,9,5.8500000000000005,5.240421769669185,0.6095782303308157,0.8957985931058435,35030.302136096056,183573.55791208672,1168333.8378726554,0.0,1351907.3957847422,0.0,1351907.3957847422,0.0,1351907.3957847422,150211.93286497134,20397.061990231858,129814.87087473948,0.07322403465207818
93,8,9,Top 0.1%,1,0.5850000000000001,0.5240421769669186,0.060957823033081504,0.8957985931058435,56048.4834177537,29371.769265933883,540895.2953114145,0.0,570267.0645773484,0.0,570267.0645773484,0.0,570267.0645773484,570267.0645773484,29371.769265933883,540895.2953114145,0.030887659485960436
94,8,10,Low,429,250.96500000000003,224.9101250627544,26.054874937245643,0.8961812406620618,9750.226133589113,2192924.5790956635,930812.2931581021,0.0,3123736.8722537654,0.0,3123736.8722537654,0.0,3123736.8722537654,7281.437930661457,5111.712305584298,2169.725625077161,0.16937273769949296
94,8,10,Middle,429,278.85,249.90013895861597,28.949861041384054,0.8961812406620618,13928.894476555874,3480832.665231211,2792436.8794743055,0.0,6273269.544705517,0.0,6273269.544705517,0.0,6273269.544705517,14623.005931714491,8113.8290564830095,6509.176875231481,0.3401441544425027
94,8,10,High,204,139.23000000000002,124.77531413737888,14.454685862621133,0.8961812406620618,21589.786438661606,2693872.3850429244,4426240.275157408,0.0,7120112.660200332,0.0,7120112.660200332,0.0,7120112.660200332,34902.51304019771,13205.256789426101,21697.256250771607,0.3860609978704317
94,8,10,Top 1%,9,5.8500000000000005,5.242660257873062,0.6073397421269382,0.8961812406620618,34822.23619138969,182561.15377086774,1171651.8375416668,0.0,1354212.9913125345,0.0,1354212.9913125345,0.0,1354212.9913125345,150468.11014583718,20284.572641207527,130183.53750462964,0.07342704304070795
94,8,10,Top 0.1%,1,0.5850000000000001,0.5242660257873062,0.060733974212693886,0.8961812406620618,55715.577906223494,29209.784603338834,542431.4062692901,0.0,571641.1908726289,0.0,571641.1908726289,0.0,571641.1908726289,571641.1908726289,29209.784603338834,542431.4062692901,0.030995066946864817
95,8,11,Low,429,250.96500000000003,225.00484147261938,25.960158527380656,0.8965586495033943,9693.297659032782,2181038.9031175836,935300.2111989633,0.0,3116339.114316547,0.0,3116339.114316547,0.0,3116339.114316547,7264.19373966561,5084.006767173854,2180.186972491756,0.168961940420278
95,8,11,Middle,429,278.85,250.00537941402152,28.844620585978504,0.8965586495033943,13847.56808433255,3461966.512885054,2805900.633596889,0.0,6267867.146481943,0.0,6267867.146481943,0.0,6267867.146481943,14610.412928862339,8069.852011387073,6540.560917475266,0.33983175659570647
95,8,11,High,204,139.23000000000002,124.8278607703576,14.402139229642415,0.8965586495033943,21463.730530715453,2679271.566300622,4447581.423883181,0.0,7126852.990183803,0.0,7126852.990183803,0.0,7126852.990183803,34935.553873450015,13133.684148532462,21801.869724917553,0.3864043244778915
95,8,11,Top 1%,9,5.8500000000000005,5.244868099594857,0.6051319004051434,0.8965586495033943,34618.92021083137,181571.67025620912,1177300.965145548,0.0,1358872.6354017572,0.0,1358872.6354017572,0.0,1358872.6354017572,150985.84837797302,20174.63002846768,130811.21834950535,0.07367547267456212
95,8,11,Top 0.1%,1,0.5850000000000001,0.5244868099594857,0.060513190040514364,0.8965586495033943,55390.2723373302,29051.46724099346,545046.7431229389,0.0,574098.2103639324,0.0,574098.2103639324,0.0,574098.2103639324,574098.2103639324,29051.46724099346,545046.7431229389,0.031126505831562075
96,8,12,Low,429,250.96500000000003,225.14482063560115,25.820179364398882,0.8971164131875007,9642.449728012822,2170947.6145012476,938842.5509366271,0.0,3109790.165437875,0.0,3109790.165437875,0.0,3109790.165437875,7248.928124563811,5060.4839498863585,2188.4441746774523,0.16862463290420512
96,8,12,Middle,429,278.85,250.16091181733458,28.689088182665444,0.8971164131875007,13774.92818287546,3445948.5944464244,2816527.652809881,0.0,6262476.247256305,0.0,6262476.247256305,0.0,6262476.247256305,14597.846730201178,8032.514206168821,6565.332524032357,0.339575245301545
96,8,12,High,204,139.23000000000002,124.90551820809574,14.324481791904276,0.8971164131875007,21351.13868345696,2666875.041590111,4464426.1163420025,0.0,7131301.157932114,0.0,7131301.157932114,0.0,7131301.157932114,34957.35861731428,13072.916870539759,21884.441746774522,0.38668623151823345
96,8,12,Top 1%,9,5.8500000000000005,5.248131017146879,0.6018689828531212,0.8971164131875007,34437.320457188645,180731.56963879848,1181759.8543258242,0.0,1362491.4239646227,0.0,1362491.4239646227,0.0,1362491.4239646227,151387.9359960692,20081.285515422052,131306.65048064713,0.07387945937786843
96,8,12,Top 0.1%,1,0.5850000000000001,0.524813101714688,0.060186898285312096,0.8971164131875007,55099.71273150184,28917.05114220776,547111.0436693631,0.0,576028.094811571,0.0,576028.094811571,0.0,576028.094811571,576028.094811571,28917.05114220776,547111.0436693631,0.031234430898148088
97,9,1,Low,433,253.30500000000004,225.0548322873815,28.25016771261855,0.8884737067463392,9579.147262852068,2155833.3806973016,928851.720394514,0.0,3084685.1010918156,0.0,3084685.1010918156,0.0,3084685.1010918156,7123.984067186641,4978.829978515708,2145.154088670933,0.16754406592746005
97,9,1,Middle,433,281.45,250.06092476375716,31.38907523624283,0.8884737067463392,13684.496089788669,3421957.7471385733,2786555.161183542,0.0,6208512.908322115,0.0,6208512.908322115,0.0,6208512.908322115,14338.366993815509,7902.90472780271,6435.4622660128,0.33721416025747053
97,9,1,High,206,140.59500000000003,124.91496080000158,15.680039199998447,0.8884737067463392,21210.968939172435,2649567.353566776,4419017.422662122,0.0,7068584.776228898,0.0,7068584.776228898,0.0,7068584.776228898,34313.518331208244,12861.977444498913,21451.540886709332,0.38392879498239724
97,9,1,Top 1%,10,6.5,5.775079093851205,0.7249209061487951,0.8884737067463392,34211.24022447167,197572.61819506774,1287092.4532025596,0.0,1484665.0713976272,0.0,1484665.0713976272,0.0,1484665.0713976272,148466.50713976272,19757.261819506773,128709.24532025596,0.08063929200241476
97,9,1,Top 0.1%,1,0.5850000000000001,0.5197571184466085,0.06524288155339153,0.8884737067463392,54737.98435915468,28450.457020089765,536288.5221677333,0.0,564738.979187823,0.0,564738.979187823,0.0,564738.979187823,564738.979187823,28450.457020089765,536288.5221677333,0.030673686830257355
98,9,2,Low,433,253.30500000000004,225.17118824685048,28.13381175314956,0.8889330579611553,9514.286072660505,2142343.1003014264,932968.6709415806,0.0,3075311.771243007,0.0,3075311.771243007,0.0,3075311.771243007,7102.336654140893,4947.674596539091,2154.6620576018026,0.16711448295561326
98,9,2,Middle,433,281.45,250.19020916316714,31.25979083683285,0.8889330579611553,13591.837246657868,3400544.6036530575,2798906.0128247417,0.0,6199450.616477799,0.0,6199450.616477799,0.0,6199450.616477799,14317.437913343645,7853.451740538239,6463.986172805408,0.3368822615219914
98,9,2,High,206,140.59500000000003,124.97954328404866,15.615456715951368,0.8889330579611553,21067.347732319697,2632987.497791554,4438603.838659713,0.0,7071591.336451267,0.0,7071591.336451267,0.0,7071591.336451267,34328.11328374402,12781.492707725989,21546.620576018024,0.38427496714805964
98,9,2,Top 1%,10,6.5,5.77806487674751,0.7219351232524902,0.8889330579611553,33979.59311664467,196336.293513456,1292797.2345610813,0.0,1489133.5280745374,0.0,1489133.5280745374,0.0,1489133.5280745374,148913.35280745375,19633.6293513456,129279.72345610813,0.08092050436091551
98,9,2,Top 0.1%,1,0.5850000000000001,0.5200258389072759,0.06497416109272414,0.8889330579611553,54367.34898663147,28272.42626593767,538665.5144004506,0.0,566937.9406663883,0.0,566937.9406663883,0.0,566937.9406663883,566937.9406663883,28272.42626593767,538665.5144004506,0.030807784013420315
99,9,3,Low,433,253.30500000000004,225.33169838187365,27.973301618126385,0.8895667214696655,9454.821779079664,2130471.049377949,930238.207663893,0.0,3060709.2570418417,0.0,3060709.2570418417,0.0,3060709.2570418417,7068.612602867995,4920.256465076095,2148.356137791901,0.16700910803015453
99,9,3,Middle,433,281.45,250.36855375763736,31.08144624236263,0.8895667214696655,13506.888255828095,3381700.078377697,2790714.6229916783,0.0,6172414.701369375,0.0,6172414.701369375,0.0,6172414.701369375,14254.999310321882,7809.930896946183,6445.0684133757,0.33680084813551425
99,9,3,High,206,140.59500000000003,125.06863320502765,15.526366794972375,0.8895667214696655,20935.676796533546,2618396.4821646623,4425613.643851315,0.0,7044010.126015977,0.0,7044010.126015977,0.0,7044010.126015977,34194.223912698915,12710.662534779914,21483.561377919003,0.38435988174789987
99,9,3,Top 1%,10,6.5,5.782183689552826,0.7178163104471738,0.8895667214696655,33767.22063957024,195248.2724236546,1289013.6826751402,0.0,1484261.9550987948,0.0,1484261.9550987948,0.0,1484261.9550987948,148426.19550987947,19524.82724236546,128901.36826751402,0.08098948458885073
99,9,3,Top 0.1%,1,0.5850000000000001,0.5203965320597544,0.06460346794024563,0.8895667214696655,54027.55302331238,28115.751229006262,537089.0344479751,0.0,565204.7856769813,0.0,565204.7856769813,0.0,565204.7856769813,565204.7856769813,28115.751229006262,537089.0344479751,0.030840677497580713
100,9,4,Low,433,253.30500000000004,225.42205793162086,27.88294206837918,0.8899234437994545,9392.956226803737,2117379.522707731,933235.2032690801,0.0,3050614.7259768113,0.0,3050614.7259768113,0.0,3050614.7259768113,7045.299598098872,4890.021992396607,2155.277605702264,0.16663291101966712
100,9,4,Middle,433,281.45,250.46895325735647,30.981046742643514,0.8899234437994545,13418.508895433913,3360919.877313859,2799705.60980724,0.0,6160625.487121099,0.0,6160625.487121099,0.0,6160625.487121099,14227.772487577595,7761.939670470806,6465.83281710679,0.33651019575808166
100,9,4,High,206,140.59500000000003,125.11878658098433,15.476213419015693,0.8899234437994545,20798.688787922565,2602306.703620395,4439871.867746662,0.0,7042178.571367057,0.0,7042178.571367057,0.0,7042178.571367057,34185.33287071387,12632.556813691239,21552.77605702263,0.3846630337403456
100,9,4,Top 1%,10,6.5,5.784502384696454,0.7154976153035459,0.8899234437994545,33546.27223858478,194048.49176177013,1293166.563421358,0.0,1487215.055183128,0.0,1487215.055183128,0.0,1487215.055183128,148721.5055183128,19404.849176177013,129316.65634213579,0.08123574958423749
100,9,4,Top 0.1%,1,0.5850000000000001,0.520605214622681,0.06439478537731913,0.8899234437994545,53674.035581735654,27942.982813694904,538819.4014255658,0.0,566762.3842392607,0.0,566762.3842392607,0.0,566762.3842392607,566762.3842392607,27942.982813694904,538819.4014255658,0.030958109897668208
101,9,5,Low,433,253.30500000000004,225.54441689878217,27.76058310121786,0.8904064937477829,9335.049324644222,2105468.2566482513,934569.6222843187,0.0,3040037.87893257,0.0,3040037.87893257,0.0,3040037.87893257,7020.8726996133255,4862.513294799656,2158.359404813669,0.166349579456635
101,9,5,Middle,433,281.45,250.6049076653135,30.845092334686484,0.8904064937477829,13335.784749491746,3342013.105790875,2803708.8668529564,0.0,6145721.972643832,0.0,6145721.972643832,0.0,6145721.972643832,14193.353285551575,7718.2750711105655,6475.078214441008,0.33629129185905743
101,9,5,High,206,140.59500000000003,125.18670098846957,15.40829901153046,0.8904064937477829,20670.466361712206,2587667.4917158843,4446220.373916158,0.0,7033887.865632042,0.0,7033887.865632042,0.0,7033887.865632042,34145.08672636914,12561.492678232447,21583.594048136692,0.3848913516840332
101,9,5,Top 1%,10,6.5,5.787642209360589,0.7123577906394107,0.8904064937477829,33339.46187372937,192956.87677776418,1295015.6428882014,0.0,1487972.5196659656,0.0,1487972.5196659656,0.0,1487972.5196659656,148797.25196659655,19295.68767777642,129501.56428882014,0.08142122326988056
101,9,5,Top 0.1%,1,0.5850000000000001,0.5208877988424531,0.06411220115754701,0.8904064937477829,53343.138997966984,27785.79025599804,539589.8512034172,0.0,567375.6414594152,0.0,567375.6414594152,0.0,567375.6414594152,567375.6414594152,27785.79025599804,539589.8512034172,0.031046553730393736
102,9,6,Low,433,253.30500000000004,225.65288027674816,27.65211972325187,0.8908346865507911,9275.808529695161,2093112.9116213417,936093.8287634589,0.0,3029206.7403848004,0.0,3029206.7403848004,0.0,3029206.7403848004,6995.858522828638,4833.979010672844,2161.879512155794,0.16604863215221133
102,9,6,Middle,433,281.45,250.72542252972016,30.724577470279826,0.8908346865507911,13251.15504242166,3322401.4470180026,2808281.486290376,0.0,6130682.933308379,0.0,6130682.933308379,0.0,6130682.933308379,14158.621093090944,7672.982556623562,6485.6385364673815,0.3360587779180259
102,9,6,High,206,140.59500000000003,125.2469027556085,15.348097244391525,0.8908346865507911,20539.290315753573,2572482.4968463993,4453471.795040935,0.0,7025954.291887335,0.0,7025954.291887335,0.0,7025954.291887335,34106.574232462786,12487.77911090485,21618.795121557938,0.385133864974713
102,9,6,Top 1%,10,6.5,5.790425462580142,0.7095745374198579,0.8908346865507911,33127.88760605415,191824.56391558907,1297127.7072934762,0.0,1488952.2712090653,0.0,1488952.2712090653,0.0,1488952.2712090653,148895.22712090652,19182.456391558906,129712.77072934763,0.08161822852103748
102,9,6,Top 0.1%,1,0.5850000000000001,0.5211382916322129,0.06386170836778715,0.8908346865507911,53004.62016968664,27622.737203844834,540469.8780389485,0.0,568092.6152427933,0.0,568092.6152427933,0.0,568092.6152427933,568092.6152427933,27622.737203844834,540469.8780389485,0.031140496434012104
103,9,7,Low,433,253.30500000000004,225.74682158929136,27.558178410708678,0.8912055489993933,9215.124995156772,2080285.1782046752,938408.1038596578,0.0,3018693.282064333,0.0,3018693.282064333,0.0,3018693.282064333,6971.5780186243255,4804.353760287933,2167.2242583363923,0.1657038527608062
103,9,7,Middle,433,281.45,250.82980176587924,30.62019823412075,0.8912055489993933,13164.464278795387,3302039.9654042455,2815224.3115789737,0.0,6117264.276983219,0.0,6117264.276983219,0.0,6117264.276983219,14127.631124672562,7625.958349663385,6501.672775009177,0.335792399007487
103,9,7,High,206,140.59500000000003,125.29904416156973,15.295955838430302,0.8912055489993933,20404.919632132853,2556716.9260998955,4464481.972172967,0.0,7021198.898272863,0.0,7021198.898272863,0.0,7021198.898272863,34083.48979744108,12411.247214077162,21672.242583363917,0.38541169961067495
103,9,7,Top 1%,10,6.5,5.792836068496056,0.7071639315039437,0.8912055489993933,32911.160696988474,190648.95874158465,1300334.5550018353,0.0,1490983.51374342,0.0,1490983.51374342,0.0,1490983.51374342,149098.351374342,19064.895874158465,130033.45550018354,0.08184392700578576
103,9,7,Top 0.1%,1,0.5850000000000001,0.5213552461646451,0.06364475383535495,0.8912055489993933,52657.85711518156,27453.450058788192,541806.064584098,0.0,569259.5146428862,0.0,569259.5146428862,0.0,569259.5146428862,569259.5146428862,27453.450058788192,541806.064584098,0.03124812161524615
104,9,8,Low,433,253.30500000000004,225.84944321039552,27.455556789604515,0.8916106796565227,9156.34631883675,2067955.7179508344,938796.559315098,0.0,3006752.2772659324,0.0,3006752.2772659324,0.0,3006752.2772659324,6944.000640337026,4775.879256237493,2168.1213840995333,0.16544963387644746
104,9,8,Middle,433,281.45,250.94382578932832,30.506174210671674,0.8916106796565227,13080.494741195356,3282469.393572753,2816389.677945294,0.0,6098859.071518047,0.0,6098859.071518047,0.0,6098859.071518047,14085.124876485097,7580.760724186496,6504.3641522986,0.33559598776266775
104,9,8,High,206,140.59500000000003,125.35600350630884,15.23899649369119,0.8916106796565227,20274.766848852803,2541563.744194386,4466330.051245038,0.0,7007893.795439424,0.0,7007893.795439424,0.0,7007893.795439424,34018.901919608856,12337.688078613524,21681.213840995333,0.38561655759508806
104,9,8,Top 1%,10,6.5,5.795469417767398,0.7045305822326018,0.8916106796565227,32701.236852988397,189519.01810466245,1300872.8304597202,0.0,1490391.8485643826,0.0,1490391.8485643826,0.0,1490391.8485643826,149039.18485643825,18951.901810466246,130087.28304597203,0.08201034303419258
104,9,8,Top 0.1%,1,0.5850000000000001,0.5215922475990659,0.06340775240093421,0.8916106796565227,52321.97896478143,27290.73860707139,542030.3460248833,0.0,569321.0846319547,0.0,569321.0846319547,0.0,569321.0846319547,569321.0846319547,27290.73860707139,542030.3460248833,0.03132747773160425
105,9,9,Low,433,253.30500000000004,225.92106162742593,27.383938372574107,0.8918934155560526,9093.918372483078,2054507.6930645304,941542.1842581065,0.0,2996049.877322637,0.0,2996049.877322637,0.0,2996049.877322637,6919.283781345582,4744.821462042795,2174.4623193027865,0.1650723393154047
105,9,9,Middle,433,281.45,251.023401808251,30.42659819174898,0.8918934155560526,12991.311960690113,3261123.3223246513,2824626.5527743194,0.0,6085749.875098971,0.0,6085749.875098971,0.0,6085749.875098971,14054.849596071526,7531.462638163167,6523.386957908359,0.3353044874101865
105,9,9,High,206,140.59500000000003,125.39575476010324,15.199245239896783,0.8918934155560526,20136.533539069675,2525035.8213837747,4479392.37776374,0.0,7004428.199147515,0.0,7004428.199147515,0.0,7004428.199147515,34002.07863663842,12257.455443610557,21744.623193027863,0.38592059403006906
105,9,9,Top 1%,10,6.5,5.797307201114342,0.7026927988856579,0.8918934155560526,32478.27990172528,188286.56595407918,1304677.3915816715,0.0,1492963.9575357507,0.0,1492963.9575357507,0.0,1492963.9575357507,149296.39575357508,18828.65659540792,130467.73915816715,0.0822573265049391
105,9,9,Top 0.1%,1,0.5850000000000001,0.5217576481002908,0.06324235189970928,0.8918934155560526,51965.24784276045,27113.2654973874,543615.5798256965,0.0,570728.8453230839,0.0,570728.8453230839,0.0,570728.8453230839,570728.8453230839,27113.2654973874,543615.5798256965,0.031445252739400846
106,9,10,Low,433,253.30500000000004,226.03311157843711,27.27188842156292,0.8923357674678237,9037.007569430323,2042662.9402762249,944994.8237181257,0.0,2987657.7639943506,0.0,2987657.7639943506,0.0,2987657.7639943506,6899.90245726178,4717.466374771882,2182.4360824898977,0.1646955407937507
106,9,10,Middle,433,281.45,251.14790175381899,30.302098246181004,0.8923357674678237,12910.01081347189,3242322.127422579,2834984.471154377,0.0,6077306.5985769555,0.0,6077306.5985769555,0.0,6077306.5985769555,14035.350112186965,7488.041864717273,6547.308247469692,0.33501337030112194
106,9,10,High,206,140.59500000000003,125.4579472271387,15.137052772861324,0.8923357674678237,20010.51676088143,2510478.355774437,4495818.329929189,0.0,7006296.685703626,0.0,7006296.685703626,0.0,7006296.685703626,34011.14895972634,12186.788134827364,21824.360824898973,0.3862242307401056
106,9,10,Top 1%,10,6.5,5.800182488540854,0.6998175114591456,0.8923357674678237,32275.027033679722,187201.0466179318,1309461.6494939383,0.0,1496662.69611187,0.0,1496662.69611187,0.0,1496662.69611187,149666.269611187,18720.10466179318,130946.16494939383,0.08250398525982025
106,9,10,Top 0.1%,1,0.5850000000000001,0.522016423968677,0.0629835760313231,0.8923357674678237,51640.04325388756,26956.950712982187,545609.0206224744,0.0,572565.9713354566,0.0,572565.9713354566,0.0,572565.9713354566,572565.9713354566,26956.950712982187,545609.0206224744,0.0315628729052015
107,9,11,Low,433,253.30500000000004,226.17466001651442,27.130339983485612,0.892894573800416,8983.262124884426,2031786.256934966,946439.5754193483,0.0,2978225.832354314,0.0,2978225.832354314,0.0,2978225.832354314,6878.119705206268,4692.347013706619,2185.7726914996497,0.16442178229568288
107,9,11,Middle,433,281.45,251.30517779612708,30.144822203872906,0.892894573800416,12833.231606977752,3225057.5506904214,2839318.726258045,0.0,6064376.276948467,0.0,6064376.276948467,0.0,6064376.276948467,14005.487937525328,7448.169863026377,6557.3180744989495,0.33480186261741474
107,9,11,High,206,140.59500000000003,125.53651260346952,15.05848739653051,0.892894573800416,19891.508990815513,2497110.669127539,4502691.744489278,0.0,6999802.4136168165,0.0,6999802.4136168165,0.0,6999802.4136168165,33979.62336707192,12121.89645207543,21857.726914996492,0.3864448343914495
107,9,11,Top 1%,10,6.5,5.8038147297027045,0.6961852702972955,0.892894573800416,32083.07901744438,186204.24657565946,1311463.6148997897,0.0,1497667.861475449,0.0,1497667.861475449,0.0,1497667.861475449,149766.78614754492,18620.424657565945,131146.36148997897,0.0826831922534548
107,9,11,Top 0.1%,1,0.5850000000000001,0.5223433256732435,0.06265667432675659,0.892894573800416,51332.92642791101,26813.411506894965,546443.1728749124,0.0,573256.5843818074,0.0,573256.5843818074,0.0,573256.5843818074,573256.5843818074,26813.411506894965,546443.1728749124,0.031648328441998025
108,9,12,Low,433,253.30500000000004,226.27945709163194,27.025542908368095,0.8933082927365504,8926.48120948927,2019879.3218218859,947643.2942220592,0.0,2967522.616043945,0.0,2967522.616043945,0.0,2967522.616043945,6853.4009608405195,4664.848318295349,2188.5526425451712,0.16413702391940183
108,9,12,Middle,433,281.45,251.42161899070211,30.028381009297874,0.8933082927365504,12752.1160135561,3206157.653685533,2842929.8826661776,0.0,6049087.536351711,0.0,6049087.536351711,0.0,6049087.536351711,13970.179067786861,7404.521140151346,6565.657927635514,0.3345818563527379
108,9,12,High,206,140.59500000000003,125.59467941729534,15.000320582704688,0.8933082927365504,19765.779821011954,2482476.7800528416,4508418.443643052,0.0,6990895.223695894,0.0,6990895.223695894,0.0,6990895.223695894,33936.38458104803,12050.85815559632,21885.52642545171,0.3866743021084401
108,9,12,Top 1%,10,6.5,5.806503902787578,0.6934960972124218,0.8933082927365504,31880.290033890255,185113.0285037837,1313131.5855271027,0.0,1498244.6140308864,0.0,1498244.6140308864,0.0,1498244.6140308864,149824.46140308864,18511.302850378368,131313.15855271026,0.08286959995544677
108,9,12,Top 0.1%,1,0.5850000000000001,0.5225853512508821,0.06241464874911795,0.8933082927365504,51008.4640542244,26656.276104544853,547138.1606362928,0.0,573794.4367408376,0.0,573794.4367408376,0.0,573794.4367408376,573794.4367408376,26656.276104544853,547138.1606362928,0.031737217663973444
109,10,1,Low,437,255.64500000000004,226.15423931878294,29.490760681217097,0.8846417466360887,8869.414234488531,2005855.6294039392,949423.3973416142,0.0,2955279.0267455536,0.0,2955279.0267455536,0.0,2955279.0267455536,6762.652235115684,4590.0586485216,2172.593586594083,0.16380255169020935
109,10,1,Middle,438,284.7,251.85750526729444,32.842494732705546,0.8846417466360887,12670.591763555045,3191183.6318293023,2854787.972784625,0.0,6045971.604613927,0.0,6045971.604613927,0.0,6045971.604613927,13803.588138387962,7285.807378605713,6517.780759782248,0.33511068407402145
109,10,1,High,208,141.96000000000004,125.5837423524592,16.37625764754084,0.8846417466360887,19639.41723351032,2466391.5138056073,4518994.660115692,0.0,6985386.173921299,0.0,6985386.173921299,0.0,6985386.173921299,33583.58737462163,11857.651508680805,21725.935865940824,0.3871797111117027
109,10,1,Top 1%,10,6.5,5.750171353134577,0.7498286468654234,0.8846417466360887,31676.47940888761,182145.18446514284,1303556.1519564497,0.0,1485701.3364215926,0.0,1485701.3364215926,0.0,1485701.3364215926,148570.13364215926,18214.518446514285,130355.61519564498,0.08234811933254525
109,10,1,Top 0.1%,1,0.5850000000000001,0.517515421782112,0.06748457821788811,0.8846417466360887,50682.36705422019,26228.906562980574,543148.3966485207,0.0,569377.3032115013,0.0,569377.3032115013,0.0,569377.3032115013,569377.3032115013,26228.906562980574,543148.3966485207,0.03155893379152114
110,10,2,Low,437,255.64500000000004,226.29200423862176,29.35299576137828,0.885180638145169,8804.58918698209,1992408.1336198743,948901.0343898232,0.0,2941309.1680096975,0.0,2941309.1680096975,0.0,2941309.1680096975,6730.684594987866,4559.286346956234,2171.398248031632,0.1635573868678759
110,10,2,Middle,438,284.7,252.0109276799296,32.68907232007038,0.885180638145169,12577.984552831556,3169789.555502905,2853217.2979135644,0.0,6023006.853416469,0.0,6023006.853416469,0.0,6023006.853416469,13751.157199580979,7236.962455486085,6514.194744094896,0.33492135840269394
110,10,2,High,208,141.96000000000004,125.66024339108823,16.299756608911807,0.885180638145169,19495.876056888912,2449856.53043115,4516508.355905794,0.0,6966364.886336943,0.0,6966364.886336943,0.0,6966364.886336943,33492.138876619916,11778.156396303606,21713.982480316314,0.3873786710930489
110,10,2,Top 1%,10,6.5,5.753674147943599,0.7463258520564011,0.885180638145169,31444.961382078895,180924.06138715215,1302838.948818979,0.0,1483763.0102061313,0.0,1483763.0102061313,0.0,1483763.0102061313,148376.30102061311,18092.406138715214,130283.89488189791,0.08250761372519824
110,10,2,Top 0.1%,1,0.5850000000000001,0.5178306733149239,0.06716932668507614,0.885180638145169,50311.938211326225,26053.06483974991,542849.5620079079,0.0,568902.6268476578,0.0,568902.6268476578,0.0,568902.6268476578,568902.6268476578,26053.06483974991,542849.5620079079,0.03163496991118291
111,10,3,Low,437,255.64500000000004,226.37290345609696,29.272096543903075,0.8854970895425177,8735.183024952968,1977408.7435790154,951495.3647489473,0.0,2928904.1083279625,0.0,2928904.1083279625,0.0,2928904.1083279625,6702.297730727603,4524.96279995198,2177.334930775623,0.16314949155523925
111,10,3,Middle,438,284.7,252.10102139275477,32.598978607245215,0.8854970895425177,12478.832892789957,3145926.5180618525,2861018.0990391686,0.0,6006944.617101021,0.0,6006944.617101021,0.0,6006944.617101021,13714.485427171281,7182.480634844413,6532.0047923268685,0.3346063660103872
111,10,3,High,208,141.96000000000004,125.70516683145584,16.254833168544195,0.8854970895425177,19342.19098382443,2431413.344507531,4528856.656013296,0.0,6960270.000520827,0.0,6960270.000520827,0.0,6960270.000520827,33462.836540965516,11689.487233209282,21773.34930775623,0.3877096926605845
111,10,3,Top 1%,10,6.5,5.755731082026365,0.7442689179736348,0.8854970895425177,31197.082231974888,179562.0158711103,1306400.9584653738,0.0,1485962.9743364842,0.0,1485962.9743364842,0.0,1485962.9743364842,148596.29743364843,17956.20158711103,130640.09584653738,0.08277297404294602
111,10,3,Top 0.1%,1,0.5850000000000001,0.5180157973823729,0.06698420261762716,0.8854970895425177,49915.331571159826,25856.93028543989,544333.7326939057,0.0,570190.6629793457,0.0,570190.6629793457,0.0,570190.6629793457,570190.6629793457,25856.93028543989,544333.7326939057,0.03176147573084303
112,10,4,Low,437,255.64500000000004,226.50182000992294,29.1431799900771,0.8860013691248525,8671.377935290893,1964082.884337275,952615.7067731512,0.0,2916698.591110426,0.0,2916698.591110426,0.0,2916698.591110426,6674.36748537855,4494.46884287706,2179.89864250149,0.16283510204289098
112,10,4,Middle,438,284.7,252.2445897898455,32.4554102101545,0.8860013691248525,12387.682764701276,3124725.9574288125,2864386.8162469575,0.0,5989112.77367577,0.0,5989112.77367577,0.0,5989112.77367577,13673.773455880753,7134.077528376284,6539.695927504469,0.3343635823805125
112,10,4,High,208,141.96000000000004,125.77675436096409,16.183245639035945,0.8860013691248525,19200.908285286976,2415027.9249059404,4534189.1764031,0.0,6949217.101309041,0.0,6949217.101309041,0.0,6949217.101309041,33409.69760244731,11610.711177432406,21798.986425014904,0.3879648309423204
112,10,4,Top 1%,10,6.5,5.759008899311541,0.7409911006884586,0.8860013691248525,30969.20691175319,178351.93820940712,1307939.185500894,0.0,1486291.123710301,0.0,1486291.123710301,0.0,1486291.123710301,148629.1123710301,17835.193820940713,130793.9185500894,0.0829775032402884
112,10,4,Top 0.1%,1,0.5850000000000001,0.5183108009380388,0.06668919906196125,0.8860013691248525,49550.731058805104,25682.67910215463,544974.6606253724,0.0,570657.3397275271,0.0,570657.3397275271,0.0,570657.3397275271,570657.3397275271,25682.67910215463,544974.6606253724,0.03185898139398748
113,10,5,Low,437,255.64500000000004,226.6208682938776,29.024131706122432,0.8864670472486361,8608.10560925123,1950776.3675339122,954747.251872992,0.0,2905523.619406904,0.0,2905523.619406904,0.0,2905523.619406904,6648.795467750353,4464.019147674856,2184.7763200754966,0.1624777937239273
113,10,5,Middle,438,284.7,252.3771683516867,32.3228316483133,0.8864670472486361,12297.293727501758,3103556.169335852,2870796.0845792023,0.0,5974352.253915055,0.0,5974352.253915055,0.0,5974352.253915055,13640.073639075468,7085.744678848977,6554.3289602264895,0.3340876552033799
113,10,5,High,208,141.96000000000004,125.84286202741642,16.11713797258362,0.8864670472486361,19060.80527762772,2398666.288683956,4544334.745757032,0.0,6943001.034440989,0.0,6943001.034440989,0.0,6943001.034440989,33379.812665581674,11532.049464826712,21847.763200754962,0.38825479936356155
113,10,5,Top 1%,10,6.5,5.762035807116135,0.7379641928838652,0.8864670472486361,30743.234318754396,177143.61697122443,1310865.7920452978,0.0,1488009.409016522,0.0,1488009.409016522,0.0,1488009.409016522,148800.9409016522,17714.361697122444,131086.5792045298,0.08320995369048174
113,10,5,Top 0.1%,1,0.5850000000000001,0.5185832226404522,0.06641677735954787,0.8864670472486361,49189.17491000703,25508.68084385632,546194.0800188741,0.0,571702.7608627304,0.0,571702.7608627304,0.0,571702.7608627304,571702.7608627304,25508.68084385632,546194.0800188741,0.031969798018649596
114,10,6,Low,437,255.64500000000004,226.76142682498966,28.883573175010383,0.8870168664553957,8548.047077132302,1938367.3517777033,956755.7912636916,0.0,2895123.1430413947,0.0,2895123.1430413947,0.0,2895123.1430413947,6624.995750666807,4435.623230612593,2189.3725200542144,0.16214266853040646
114,10,6,Middle,438,284.7,252.53370187985115,32.16629812014884,0.8870168664553957,12211.495824474716,3083814.246044945,2876835.491351237,0.0,5960649.7373961825,0.0,5960649.7373961825,0.0,5960649.7373961825,13608.789354785804,7040.671794623162,6568.117560162642,0.33382885868584444
114,10,6,High,208,141.96000000000004,125.920914362008,16.03908563799203,0.8870168664553957,18927.818527935815,2383408.215915834,4553894.841712765,0.0,6937303.0576286,0.0,6937303.0576286,0.0,6937303.0576286,33352.418546291345,11458.693345749201,21893.72520054214,0.3885267653887724
114,10,6,Top 1%,10,6.5,5.765609631960072,0.7343903680399277,0.8870168664553957,30528.739561186787,176016.79486557905,1313623.5120325284,0.0,1489640.3068981075,0.0,1489640.3068981075,0.0,1489640.3068981075,148964.03068981075,17601.679486557907,131362.35120325285,0.0834279726896782
114,10,6,Top 0.1%,1,0.5850000000000001,0.5189048668764066,0.0660951331235935,0.8870168664553957,48845.98329789887,25346.418460643392,547343.1300135535,0.0,572689.5484741969,0.0,572689.5484741969,0.0,572689.5484741969,572689.5484741969,25346.418460643392,547343.1300135535,0.03207373470529857
115,10,7,Low,437,255.64500000000004,226.90656702975122,28.738432970248823,0.8875846076776436,8489.836916420363,1926399.7493473936,961138.453350519,0.0,2887538.2026979127,0.0,2887538.2026979127,0.0,2887538.2026979127,6607.638907775544,4408.237412694265,2199.401495081279,0.1617180532867436
115,10,7,Middle,438,284.7,252.69533780582512,32.00466219417487,0.8875846076776436,12128.338452029091,3064774.582158869,2890013.564536801,0.0,5954788.14669567,0.0,5954788.14669567,0.0,5954788.14669567,13595.406727615684,6997.202242371847,6598.2044852438385,0.3335009545220365
115,10,7,High,208,141.96000000000004,126.00151090591831,15.958489094081727,0.8875846076776436,18798.924600645092,2368692.9030877184,4574755.10976906,0.0,6943448.012856779,0.0,6943448.012856779,0.0,6943448.012856779,33381.961600272974,11387.946649460184,21994.01495081279,0.38887135577557574
115,10,7,Top 1%,10,6.5,5.769299949904683,0.7307000500953169,0.8875846076776436,30320.846130072732,174930.0560592962,1319640.8970487674,0.0,1494570.9531080637,0.0,1494570.9531080637,0.0,1494570.9531080637,149457.09531080635,17493.005605929622,131964.08970487674,0.08370421032342443
115,10,7,Top 0.1%,1,0.5850000000000001,0.5192369954914215,0.06576300450857853,0.8875846076776436,48513.353808116364,25189.928072538656,549850.3737703197,0.0,575040.3018428584,0.0,575040.3018428584,0.0,575040.3018428584,575040.3018428584,25189.928072538656,549850.3737703197,0.03220542609221969
116,10,8,Low,437,255.64500000000004,227.05697853847522,28.588021461524818,0.8881729685246149,8428.50030418919,1913749.812679817,963822.1358175366,0.0,2877571.9484973536,0.0,2877571.9484973536,0.0,2877571.9484973536,6584.832834090054,4379.290189198666,2205.542644891388,0.1613487207616142
116,10,8,Middle,438,284.7,252.86284413895785,31.837155861042135,0.8881729685246149,12040.714720270273,3044649.3696333575,2898083.0353872837,0.0,5942732.405020641,0.0,5942732.405020641,0.0,5942732.405020641,13567.882203243473,6951.25426856931,6616.627934674164,0.3332157417920955
116,10,8,High,208,141.96000000000004,126.08503461175437,15.87496538824567,0.8881729685246149,18663.107816418924,2353138.5949960835,4587528.701374087,0.0,6940667.29637017,0.0,6940667.29637017,0.0,6940667.29637017,33368.59277101043,11313.166322096555,22055.426448913877,0.3891710822681896
116,10,8,Top 1%,10,6.5,5.773124295409997,0.726875704590003,0.8881729685246149,30101.78680067568,173781.35671423274,1323325.5869348326,0.0,1497106.9436490654,0.0,1497106.9436490654,0.0,1497106.9436490654,149710.69436490655,17378.135671423275,132332.55869348327,0.0839444832395053
116,10,8,Top 0.1%,1,0.5850000000000001,0.5195811865868998,0.0654188134131003,0.8881729685246149,48162.85888108109,25024.51536684952,551385.6612228471,0.0,576410.1765896966,0.0,576410.1765896966,0.0,576410.1765896966,576410.1765896966,25024.51536684952,551385.6612228471,0.03231997193859537
117,10,9,Low,437,255.64500000000004,227.23532428434535,28.409675715654686,0.8888705990116972,8372.666598799764,1902565.609702971,964994.5516153834,0.0,2867560.1613183543,0.0,2867560.1613183543,0.0,2867560.1613183543,6561.922565945891,4353.69704737522,2208.2255185706713,0.16107032827658732
117,10,9,Middle,438,284.7,253.06145953863017,31.638540461369814,0.8888705990116972,11960.952283999663,3026856.0424608667,2901608.3314018617,0.0,5928464.3738627285,0.0,5928464.3738627285,0.0,5928464.3738627285,13535.306789640932,6910.63023392892,6624.676555712013,0.33300075644624294
117,10,9,High,208,141.96000000000004,126.18407023570056,15.775929764299477,0.8888705990116972,18539.47604019948,2339386.5467896187,4593109.078626996,0.0,6932495.625416614,0.0,6932495.625416614,0.0,6932495.625416614,33329.30589142603,11247.05070571932,22082.255185706712,0.3893970076807374
117,10,9,Top 1%,10,6.5,5.777658893576032,0.7223411064239684,0.8888705990116972,29902.38070999916,172765.75584822302,1324935.3111424027,0.0,1497701.0669906258,0.0,1497701.0669906258,0.0,1497701.0669906258,149770.10669906257,17276.5755848223,132493.53111424026,0.08412559421576979
117,10,9,Top 0.1%,1,0.5850000000000001,0.5199893004218429,0.0650106995781572,0.8888705990116972,47843.80913599866,24878.268842144116,552056.3796426678,0.0,576934.648484812,0.0,576934.648484812,0.0,576934.648484812,576934.648484812,24878.268842144116,552056.3796426678,0.03240631338066267
118,10,10,Low,437,255.64500000000004,227.37454121346053,28.270458786539507,0.889415170308281,8315.690157123596,1890776.234349267,966500.6712225016,0.0,2857276.9055717685,0.0,2857276.9055717685,0.0,2857276.9055717685,6538.391088264916,4326.719071737453,2211.6720165274637,0.16076482746406978
118,10,10,Middle,438,284.7,253.2164989867676,31.4835010132324,0.889415170308281,11879.557367319425,3008099.9260650864,2906137.0297170873,0.0,5914236.955782173,0.0,5914236.955782173,0.0,5914236.955782173,13502.8240999593,6867.80805037691,6635.016049582391,0.33276483701102183
118,10,10,High,208,141.96000000000004,126.2613775769636,15.69862242303644,0.889415170308281,18413.31391934511,2324890.3812135924,4600277.794377124,0.0,6925168.175590716,0.0,6925168.175590716,0.0,6925168.175590716,33294.07776726306,11177.357601988424,22116.720165274633,0.3896449324661173
118,10,10,Top 1%,10,6.5,5.781198607003827,0.7188013929961734,0.889415170308281,29698.893418298558,171695.20125942273,1327003.209916478,0.0,1498698.4111759008,0.0,1498698.4111759008,0.0,1498698.4111759008,149869.84111759008,17169.520125942272,132700.3209916478,0.08432434078178895
118,10,10,Top 0.1%,1,0.5850000000000001,0.5203078746303444,0.06469212536965563,0.889415170308281,47518.2294692777,24724.10898135688,552918.0041318658,0.0,577642.1131132226,0.0,577642.1131132226,0.0,577642.1131132226,577642.1131132226,24724.10898135688,552918.0041318658,0.032501062277002106
119,10,11,Low,437,255.64500000000004,227.5042443833255,28.14075561667454,0.889922526876432,8259.738534767612,1879125.5741561416,967804.944407392,0.0,2846930.5185635337,0.0,2846930.5185635337,0.0,2846930.5185635337,6514.71514545431,4300.058522096434,2214.6566233578765,0.16046936190750344
119,10,11,Middle,438,284.7,253.3609434017202,31.339056598279797,0.889922526876432,11799.626478239445,2989564.496314663,2910058.8030922497,0.0,5899623.299406912,0.0,5899623.299406912,0.0,5899623.299406912,13469.459587687013,6825.489717613385,6643.969870073629,0.3325366671850302
119,10,11,High,208,141.96000000000004,126.33340191537832,15.626598084621719,0.889922526876432,18289.42104127114,2310564.779206484,4606485.776584383,0.0,6917050.555790868,0.0,6917050.555790868,0.0,6917050.555790868,33255.05074899456,11108.484515415788,22146.566233578764,0.3898847132840315
119,10,11,Top 1%,10,6.5,5.784496424696808,0.7155035753031918,0.889922526876432,29499.066195598614,170637.24294033466,1328793.9740147255,0.0,1499431.2169550601,0.0,1499431.2169550601,0.0,1499431.2169550601,149943.121695506,17063.724294033465,132879.39740147255,0.08451655881309497
119,10,11,Top 0.1%,1,0.5850000000000001,0.5206046782227128,0.06439532177728724,0.889922526876432,47198.505912957786,24571.762983408196,553664.155839469,0.0,578235.9188228772,0.0,578235.9188228772,0.0,578235.9188228772,578235.9188228772,24571.762983408196,553664.155839469,0.03259269881033991
120,10,12,Low,437,255.64500000000004,227.62215285954844,28.022847140451603,0.8903837464434994,8204.12716136192,1867441.086802696,968161.8809803929,0.0,2835602.967783089,0.0,2835602.967783089,0.0,2835602.967783089,6488.793976620341,4273.320564765895,2215.473411854446,0.1602104352499216
120,10,12,Middle,438,284.7,253.49225261246426,31.207747387535733,0.8903837464434994,11720.181659088455,2970975.249789621,2911132.0631767423,0.0,5882107.3129663635,0.0,5882107.3129663635,0.0,5882107.3129663635,13429.468751064756,6783.0485155014185,6646.420235563339,0.3323367140971251
120,10,12,High,208,141.96000000000004,126.3988766451192,15.561123354880834,0.8903837464434994,18166.281571587107,2296197.583467541,4608184.696657248,0.0,6904382.280124789,0.0,6904382.280124789,0.0,6904382.280124789,33194.14557752303,11039.411458978562,22154.73411854446,0.3900948414846117
120,10,12,Top 1%,10,6.5,5.787494351882746,0.7125056481172543,0.8903837464434994,29300.45414772114,169576.21288753545,1329284.0471126675,0.0,1498860.2600002028,0.0,1498860.2600002028,0.0,1498860.2600002028,149886.02600002027,16957.621288753544,132928.40471126675,0.08468500610336936
120,10,12,Top 0.1%,1,0.5850000000000001,0.5208744916694472,0.06412550833055286,0.8903837464434994,46880.72663635382,24418.974655805112,553868.3529636115,0.0,578287.3276194166,0.0,578287.3276194166,0.0,578287.3276194166,578287.3276194166,24418.974655805112,553868.3529636115,0.03267300306497207
